,title,description,web_url,price,rent,credit,category,business_type,images,city,district,token
0,۷۹متر۲خواب فول امکانات سالن پرده خور,"⭐️⭐️⭐️⭐️⭐️بنام خدا

⭐️⭐️⭐️⭐️⭐️تاپ لوکیشن شهران جنوبی 

 ⭐️⭐️⭐️⭐️⭐️۷۹متر/۲خواب

⭐️⭐️⭐️⭐️⭐️سالن پرده خورقدی روبه 

⭐️⭐️⭐️⭐️⭐️فول امکانات
⭐️پارکینگ⭐️ انباری⭐️ آسانسور ⭐️بالکن⭐️

⭐️⭐️⭐️⭐️⭐️دسترسی بسیارراحت 
⭐️ایستگاه اتوبوس⭐️ تاکسی⭐️ مترومرکزخرید ⭐️

⭐️⭐️⭐️⭐️⭐️یک واحد فوق‌العاده بی نظیر 

⭐️⭐️⭐️⭐️⭐️فوق‌العاده خوش نقشه

⭐️⭐️⭐️⭐️⭐️یک واحد استثنایی 

⭐️⭐️⭐️⭐️⭐️یک فرصت استثنایی 

⭐️⭐️⭐️⭐️⭐️یک فرصت عالی برای  خانه دار شدن

⭐️⭐️⭐️⭐️⭐️یک فرصت برای سرمایه‌گذاری

⭐️⭐️⭐️⭐️⭐️دارای سالن بدنسازی 

⭐️⭐️⭐️⭐️⭐️دارای سالن اجتماعات 

⭐️⭐️⭐️⭐️⭐️دارای سالن بیلیارد

⭐️⭐️⭐️⭐️⭐️مشاعات بی‌نظیر 

⭐️⭐️⭐️⭐️⭐️مالک فروشنده واقعی 

⭐️⭐️⭐️⭐️⭐️فرصت راازدست ندهید 

⭐️⭐️⭐️⭐️جهت کسب اطلاعات بیشتر لطفا تماس بگیرید

⭐️⭐️⭐️⭐️⭐️مشاور وکارشناس امور ملکی منطقه۵ 

⭐️⭐️⭐️⭐️⭐️میلاد محمدی 

⭐️⭐️⭐️⭐️⭐️پاسخگویی ۲۴ساعته 

⭐️⭐️⭐️⭐️⭐️اعتماد شما سرمایه ماست

⭐️⭐️⭐️⭐️⭐️املاک فرنام",https://divar.ir/v/wYoXNkw2,5800000000.0,,,apartment-sell,real-estate-business,"['https://s100.divarcdn.com/static/pictures/1676730521/wYoXNkw2.webp', 'https://s100.divarcdn.com/static/pictures/1676730521/wYoXNkw2.1.webp', 'https://s100.divarcdn.com/static/pictures/1676730521/wYoXNkw2.2.webp', 'https://s100.divarcdn.com/static/pictures/1676730521/wYoXNkw2.3.webp', 'https://s100.divarcdn.com/static/pictures/1676730521/wYoXNkw2.4.webp']",تهران,شهران جنوبی,wYoXNkw2
1,شهرک غرب آپارتمان,"باسلام
ملک جنوبی میباشد 
دارای پارکینگ انباری 
آسانسور در حال نصب 
تک بلوک
ملک ۳نبش کوچه میباشد
واحد ۳طرف نورگیر دارد
شمال ،جنوب،شرق نورگیر  دارد
کلا ۸واحد 
۱۰۰متر قدرالسهم 
لوکیشن تاپ منطقه 
کوچه‌ دنج و خلوت
فروشنده واقعی 
مشاور وکارشناس تخصصی شما در ۸واحدی های شهرک خانم رضائیان",https://divar.ir/v/wYwv65T-,12600000000.0,,,apartment-sell,real-estate-business,"['https://s100.divarcdn.com/static/pictures/1676730522/wYwv65T-.webp', 'https://s100.divarcdn.com/static/pictures/1676730522/wYwv65T-.1.webp', 'https://s100.divarcdn.com/static/pictures/1676730522/wYwv65T-.2.webp', 'https://s100.divarcdn.com/static/pictures/1676730522/wYwv65T-.3.webp', 'https://s100.divarcdn.com/static/pictures/1676730522/wYwv65T-.4.webp', 'https://s100.divarcdn.com/static/pictures/1676730522/wYwv65T-.5.webp', 'https://s100.divarcdn.com/static/pictures/1676730522/wYwv65T-.6.webp', 'https://s100.divarcdn.com/static/pictures/1676730522/wYwv65T-.7.webp', 'https://s100.divarcdn.com/static/pictures/1676730522/wYwv65T-.8.webp']",تهران,شهرک غرب,wYwv65T-
2,۱۲۴ متر ۲ خواب فول نوساز (شاهین),"با سلام 

❌❌فروش فوری فروش فوری ❌❌


124 متر آپارتمان ۱ ساله کلید نخورده جنت آباد مرکزی
نور و نقشه عالی لوکیشن دنج و آرام
سند تک برگ 
۲ پارکینگ سندی

بازدید با هماهنگی

مشاور تخصصی منطقه قاسمی",https://divar.ir/v/wYw76qNA,10600000000.0,,,apartment-sell,real-estate-business,[],تهران,شاهین,wYw76qNA
3,۱۰۹ متر فول دیزاین,"به نام خدا 

✅این اگهی یک فرصت تکرار نشدنی است 
✅بهترین لوکیشن منطقه ۲۲ 
✅دسترسی عالی به مراکز خرید و دریاچه 
✅در چند قدمی دریاچه 
✅برج فول امکانات:
✅پارکینگ مسقف ومهمان/انباری /اسانسور
✅فول دیزاین با بهترین متریال اروپایی
✅کف لمینیت. کابینت های گلس. کاغذ دیواری
✅پلان بی نظیر مهندسی 
✅سالن یه تیکه و قابل چیدمان 
✅غرق در نور پنجره قدی
✅دو خواب استاندارد با کمد دیواری
✅قابلیت رهن تا ۸۰۰ میلیون
✅بازدید=خرید
✅موارد مشابه با بوجه مشتری
امیری",https://divar.ir/v/wYsH6eSv,6650000000.0,,,apartment-sell,real-estate-business,"['https://s100.divarcdn.com/static/pictures/1676730514/wYsH6eSv.webp', 'https://s100.divarcdn.com/static/pictures/1676730514/wYsH6eSv.1.webp']",تهران,دریاچه شهدای خلیج فارس,wYsH6eSv
4,۷۵متر ۲خواب سالن پرده خور,"⚜️ مشاورین تخصصی املاک کاشانه⚜️

                             ⚜️فوری فوری فوری⚜️
 
۷۵متر ۲خواب
 
طبقه ۳
 
پارکینگ انباری

مشاعات ترو تمیز

واحد بدون ۱ریال هزینه

                         ⚜️الویت با اولین تماس⚜️ 

مشاوره امور ملکی شما 
                                  ⚜️آرمان⚜️",https://divar.ir/v/wYrPbMS9,4750000000.0,,,apartment-sell,real-estate-business,"['https://s100.divarcdn.com/static/pictures/1676730513/wYrPbMS9.webp', 'https://s100.divarcdn.com/static/pictures/1676730513/wYrPbMS9.1.webp', 'https://s100.divarcdn.com/static/pictures/1676730513/wYrPbMS9.2.webp', 'https://s100.divarcdn.com/static/pictures/1676730513/wYrPbMS9.3.webp', 'https://s100.divarcdn.com/static/pictures/1676730513/wYrPbMS9.4.webp', 'https://s100.divarcdn.com/static/pictures/1676730513/wYrPbMS9.5.webp', 'https://s100.divarcdn.com/static/pictures/1676730513/wYrPbMS9.6.webp', 'https://s100.divarcdn.com/static/pictures/1676730513/wYrPbMS9.7.webp']",تهران,سازمان برنامه,wYrPbMS9
5,67متر_2خواب_با آسانسور,""""""" مشاورین املاک میلیارد""""""

.❇️67 متر
.❇️دوخواب
.❇️امکانات ( اسانسور- انباری)
.❇️11ساله 
.❇️نور و نقشه فوق العاده( سالن بزرگ بدون پرتی)
.❇️ متریال عالی مشاعات تمیز

==================================
{سند آماده===قابلیت دریافت هرگونه وام}

‏‎کارشناس فروش: حیدری",https://divar.ir/v/wYwzaKun,2650000000.0,,,apartment-sell,real-estate-business,"['https://s100.divarcdn.com/static/pictures/1676730514/wYwzaKun.webp', 'https://s100.divarcdn.com/static/pictures/1676730514/wYwzaKun.1.webp', 'https://s100.divarcdn.com/static/pictures/1676730514/wYwzaKun.2.webp', 'https://s100.divarcdn.com/static/pictures/1676730514/wYwzaKun.3.webp', 'https://s100.divarcdn.com/static/pictures/1676730514/wYwzaKun.4.webp']",تهران,جیحون,wYwzaKun
6,یوسف آباد ۱۶۲ متر,"کلید نخورده 
فرعی دنج 
نور شمال و جنوب 
مشاعات بسیار تمیز در حد نوساز 
۲ پارکینگ سندی 
مشاور شما : تیموری 
املاک یوسف آباد",https://divar.ir/v/wYf37PVl,17800000000.0,,,apartment-sell,real-estate-business,"['https://s100.divarcdn.com/static/pictures/1676730511/wYf37PVl.webp', 'https://s100.divarcdn.com/static/pictures/1676730511/wYf37PVl.1.webp', 'https://s100.divarcdn.com/static/pictures/1676730511/wYf37PVl.2.webp', 'https://s100.divarcdn.com/static/pictures/1676730511/wYf37PVl.3.webp', 'https://s100.divarcdn.com/static/pictures/1676730511/wYf37PVl.4.webp', 'https://s100.divarcdn.com/static/pictures/1676730511/wYf37PVl.5.webp']",تهران,یوسف‌آباد,wYf37PVl
7,87متر نوساز محدوده نصرت,"به نام خداوند جان خرد

واحد دوخواب 
87متر نوساز
1خواب مستر 
سیستم اطفاحریق
خوش نقشه 
دسترسی اسان به مترو و بی ارتی

برای اطلاعات بیشتر باما در ارتباط باشید
فرصت را از دست ندهید
مشاور و همراه شما:طاهریان
ا/م/ل/ا/ک ه/م/ش/ه/ر/ی",https://divar.ir/v/wYpfvA_S,7000000000.0,,,apartment-sell,real-estate-business,"['https://s100.divarcdn.com/static/pictures/1676730508/wYpfvA_S.webp', 'https://s100.divarcdn.com/static/pictures/1676730508/wYpfvA_S.1.webp', 'https://s100.divarcdn.com/static/pictures/1676730508/wYpfvA_S.2.webp', 'https://s100.divarcdn.com/static/pictures/1676730508/wYpfvA_S.3.webp', 'https://s100.divarcdn.com/static/pictures/1676730508/wYpfvA_S.4.webp', 'https://s100.divarcdn.com/static/pictures/1676730508/wYpfvA_S.5.webp']",تهران,نصرت,wYpfvA_S
8,اپارتمان ویژن چیتگر،غرق نور خوش نقشه،سنددار,"⚜️فرصت ویژه برای خرید خانه با کمترین قیمت در منطقه ۲۲⚜️

سکونت در قطب گردشگری تهران منطقه ۲۲ 
نزدیک به ایران مال و پارک هزارویک شهر

واحد ۱۰۰ متری ۲ خواب ، غرق نور و خوش نقشه

مشاعات و امکانات رفاهی: 
◀️لابی مبله و لابی من ۲۴ ساعته، سالن ورزشی و استخر ، پارکینگ ، پارکینگ مهمان و اختصاصی ، پنجره های قدی و...

◀️خرید بدون واسطه
◀️برج فول امکانات و متریال درجه ۱ 
◀️تحویل سند تک برگ واحد
◀️قابلیت معاوضه
◀️بازدید همه روزه

✔️کارشناس تخصصی منطقه
✔️با هر سلیقه و بودجه ای
برای مشاوره <رایگان> تماس بگیرید.
ارادتمند و همراه شما : ناصری",https://divar.ir/v/wYQn_6D4,1670000000.0,,,apartment-sell,real-estate-business,"['https://s100.divarcdn.com/static/pictures/1676730503/wYQn_6D4.webp', 'https://s100.divarcdn.com/static/pictures/1676730503/wYQn_6D4.1.webp', 'https://s100.divarcdn.com/static/pictures/1676730503/wYQn_6D4.2.webp', 'https://s100.divarcdn.com/static/pictures/1676730503/wYQn_6D4.3.webp', 'https://s100.divarcdn.com/static/pictures/1676730503/wYQn_6D4.4.webp', 'https://s100.divarcdn.com/static/pictures/1676730503/wYQn_6D4.5.webp', 'https://s100.divarcdn.com/static/pictures/1676730503/wYQn_6D4.6.webp']",تهران,چیتگر,wYQn_6D4
9,235متر بنا 155 متر قدرالسهم,"200 متر حیاط در اختیار
235 متر بنا
155 متر قدرالسهم
475 متر کل زمین
یک واحد از سه واحد کلا سه مالک
ملک جنوبی در دنج ترین بن بست خیابان مدبر(مهرام)
بازسازی کامل از صفر تا 100
زیر قیمت ترین ملک در تهران
فروشنده : شخصی
فقط به خریدار واقعی بازدید داده می شود
به دلیل خرید 
این قیمت تا یکشنبه معتبر می باشد
شماره تماس در چت اعلام می شود",https://divar.ir/v/wYsH5P0z,23300000000.0,,,apartment-sell,personal,[],تهران,یوسف‌آباد,wYsH5P0z
10,سعادت آباد_۱۲۰متر آپارتمان فول بازسازی شده,"سعادت آباد
-----------------------------------------

بهترین گزینه برای زندگی و ایده آل برای سرمایه‌گذاری 

دارای لوکیشن دنج و آرام ...

۱۲۰متر آپارتمان ۲خوابه...

فول نوسازی و بازسازی شده ...

دارای پلان و نقشه یکدست و بی نظیر...

کل واحد غرق در نور مستقیم آفتاب...

دارای سند تک برگ...

دسترسی تکرار نشدنی...


!!!!!!زیر قیمت واقعی کل منطقه!!!!!!


✓✓مشاور و متخصص شما در امور ملکی:
     مهندس معیاری",https://divar.ir/v/wYnLKSbr,8300000000.0,,,apartment-sell,real-estate-business,"['https://s100.divarcdn.com/static/pictures/1676730502/wYnLKSbr.webp', 'https://s100.divarcdn.com/static/pictures/1676730502/wYnLKSbr.1.webp', 'https://s100.divarcdn.com/static/pictures/1676730502/wYnLKSbr.2.webp', 'https://s100.divarcdn.com/static/pictures/1676730502/wYnLKSbr.3.webp', 'https://s100.divarcdn.com/static/pictures/1676730502/wYnLKSbr.4.webp', 'https://s100.divarcdn.com/static/pictures/1676730502/wYnLKSbr.5.webp', 'https://s100.divarcdn.com/static/pictures/1676730502/wYnLKSbr.6.webp']",تهران,سعادت‌آباد,wYnLKSbr
11,( زعفرانیه الهیه ) 476 متر . نوساز . 2 جهت دید,"[ No Pain , No Gain ]
|| .. شرایط پرداخت : مناسب .. ||
|| با بازدید این مورد و 4 مورد دیگر ، در انتخاب برتر خود زندگی کنید ||
|| زعفرانیه ـ الهیه _ ولنجک _ محمودیه ||
|| 0912.122.96.99 ||
|| مهندس پارسا ||
... ... ...
|| زعفرانیه || 476 متر . نوساز . 2 جهت دید ||
|| سالن اجتماعات ||
|| 3 پارکینگ سندی ||
|| عایق صوتی کامل ||
|| بهترین سالن جیم ||
|| لابی شیک و مدرن ||
|| همه خواب ها مستر ||
|| سویت فول با ورودی جدا ||
|| روف گاردن : از کاملترین ها ||
|| استخر نورگیر ، سونا ، جکوزی ||
|| سیستم هوشمند کل ساختمان ||
|| مستر روم اصلی : دید 2 جهت ||
| زمین ، سند ، سازنده : شخصی |",https://divar.ir/v/gYtefZT8,,,,apartment-sell,real-estate-business,['https://s100.divarcdn.com/static/pictures/1676730500/gYtefZT8.webp'],تهران,زعفرانیه,gYtefZT8
12,یوسف آباد ۱۱۴ متر ۳ پارکینگ سندی,"امکانات کامل 
بهترین پلان ممکن 
۳ پارکینگ سندی 
فرعی دنج 
مشاور شما : تیموری 
املاک یوسف آباد",https://divar.ir/v/wYPvdFGc,12700000000.0,,,apartment-sell,real-estate-business,"['https://s100.divarcdn.com/static/pictures/1676730490/wYPvdFGc.webp', 'https://s100.divarcdn.com/static/pictures/1676730490/wYPvdFGc.1.webp', 'https://s100.divarcdn.com/static/pictures/1676730490/wYPvdFGc.2.webp', 'https://s100.divarcdn.com/static/pictures/1676730490/wYPvdFGc.3.webp', 'https://s100.divarcdn.com/static/pictures/1676730490/wYPvdFGc.4.webp']",تهران,یوسف‌آباد,wYPvdFGc
13,48متر_1خواب_فول باسازی شده,"دارای دو پارکینگ
طبقه دوم 
نور گیر عالی 
کوچه 8متری
بهترین فرصت برای خرید
مشاور ویسی
 اطلاعات بیشتر تماس بگیرید",https://divar.ir/v/wYvD2Mc8,2600000000.0,,,apartment-sell,real-estate-business,[],تهران,جیحون,wYvD2Mc8
14,آپارتمان ۱۶۵متر ۳خوابه سعادت آباد شهرداری شمالی,"سلام عرض ادب 

آپارتمان ۱۶۵متر ۳خوابه 

نورگیر آکواریوم واقعی ۳نبش

۲پارکینگ سندی

ویو پارک و تهران

مناسب سکونت وسرمایه گذاری

فروشنده واقعی 

***********
شهروز",https://divar.ir/v/wYgPsbL0,21500000000.0,,,apartment-sell,real-estate-business,[],تهران,سعادت‌آباد,wYgPsbL0
15,۶۷ متر_فول امکانات_بازسازی شده_طرشت_ سرمایه گذاری,"☕ از اولین تماس تا آخرین امضا با تیم حقوقی برای عقد قراردادی مطمئن در کنارتان هستیم ☕

☕ منطقه : طرشت ☕
☕ متراژ واحد : ۶۷ متر ☕
☕ تعداد خواب : ۱ خواب ☕
☕ طبقه واحد : ۲ ☕
☕ سال ساخت : ۱۳۸۵ ☕
☕ سند شخصی تک برگ و آماده انتقال ☕
☕ قابلیت رهن تا ۵۰۰ میلیون تومان ☕
☕ قابلیت اخذ ۴۸۰ میلیون تومان وام مسکن ☕
  


☕ توضیحات واحد: ☕
☕ فول امکانات ☕
☕ بازسازی شده ☕
☕ کف پارکت ☕
☕ واقع در بهترین فرعی طرشت ☕
☕ سالن مربع و بدون یک سانت پرتی ☕
☕ اتاق خواب بزرگ و با قابلیت چیدمان سرویس خواب ☕
☕ نورگیر خواب : مستقیم و غرق در آفتاب ☕
☕ پارکینگ، انباری، آسانسور، بالکن ☕



☕ فایلینگ جامع در مناطق : ☕
☕ صادقیه، ستارخان، بلوار فردوس شرق، کاشانی، بلوار فردوس غرب، جنت آباد جنوبی، پونک و تمامی مناطق غرب تهران ☕


☕ پاسخگویی 24 ساعته ☕

✍️ تنظیم تمامی قراردادها زیر نظر وکیل پایه یک دادگستری ✍️


☕ مشاور تخصصی غرب تهران : ☕
☕ نوری زاده : *** ☕
☕ مسکن فرتاک : *** ☕",https://divar.ir/v/wYkzapGO,4300000000.0,,,apartment-sell,real-estate-business,"['https://s100.divarcdn.com/static/pictures/1676730486/wYkzapGO.webp', 'https://s100.divarcdn.com/static/pictures/1676730486/wYkzapGO.1.webp', 'https://s100.divarcdn.com/static/pictures/1676730486/wYkzapGO.2.webp', 'https://s100.divarcdn.com/static/pictures/1676730486/wYkzapGO.3.webp', 'https://s100.divarcdn.com/static/pictures/1676730486/wYkzapGO.4.webp']",تهران,صادقیه,wYkzapGO
16,۷۵متر _ کم واحد _ آفتاب مستقیم _ فول دیزاین,"فوری فوری فوری فوری 
           تاپ لوکیشن منطقه

۷۵ متر رو به افتاب مستقیم 

دو خواب بزرگ و خوش چیدمان 

بالکن بزرگ و کاربردی 


  ✅✅بهترین فرصت برای سرمایه گذاری✅✅ 

املاک بزرگ باراد
حامی",https://divar.ir/v/wYPzP1l-,6200000000.0,,,apartment-sell,real-estate-business,"['https://s100.divarcdn.com/static/pictures/1676730485/wYPzP1l-.webp', 'https://s100.divarcdn.com/static/pictures/1676730485/wYPzP1l-.1.webp', 'https://s100.divarcdn.com/static/pictures/1676730485/wYPzP1l-.2.webp', 'https://s100.divarcdn.com/static/pictures/1676730485/wYPzP1l-.3.webp', 'https://s100.divarcdn.com/static/pictures/1676730485/wYPzP1l-.4.webp']",تهران,پونک,wYPzP1l-
17,واحد ۲ خوابه _  برج باغ _ وام دار _ ویو ابدی,"بسم الله الرحمن الرحیم 

پروژه معتبر منطقه ۲۲ 

✅من فقط یک جمله میتونم بگم نه شعار نه تبلیغات 

✅پروژه ایی رو برای خرید انتخاب کنید که هم اماده تحویل داشته باشه 
✅هم رو مرحله سفت کاری و اسکلت 
✅هم رو مرحله تجهیز کارگاه و فنس کشی 
✅اون موقع است که میتوانید با خیال راحت رو مرحله خاک هم سرمایه گذاری کنید 

جهت کسب اطلاع هر سه پروژه و توضیحات کامل منطقه و پروژه های دیگر مشاوره رایگان 
تماس بگیرید 
تماس تا ۱ شب",https://divar.ir/v/wYj_uPAo,1786000000.0,,,apartment-sell,real-estate-business,"['https://s100.divarcdn.com/static/pictures/1676730479/wYj_uPAo.webp', 'https://s100.divarcdn.com/static/pictures/1676730479/wYj_uPAo.1.webp', 'https://s100.divarcdn.com/static/pictures/1676730479/wYj_uPAo.2.webp', 'https://s100.divarcdn.com/static/pictures/1676730479/wYj_uPAo.3.webp', 'https://s100.divarcdn.com/static/pictures/1676730479/wYj_uPAo.4.webp']",تهران,دریاچه شهدای خلیج فارس,wYj_uPAo
18,۶۷ متر_ ۲ پارکینگ_ لوکیشن_ بدون مشابه,"⛴️ خریداران باهوش هوشمندانه انتخاب می‌کنند و نیازی به شنیدن واژه های زیبا ندارند ⛴️


⛴️ ۶۷ متر ⛴️
⛴️ ۱ خواب ⛴️
⛴️ کم واحد ⛴️
⛴️ دارای ۲ پارکینگ ⛴️
⛴️ براحتی قابلیت ۲ خواب ⛴️
⛴️ سند شخصی تک برگ و آماده انتقال ⛴️
⛴️ فضاسازی کاربردی و بدون پرتی ⛴️
⛴️ قابلیت اخذ ۴۰۰ میلیون تومان وام مسکن ⛴️
⛴️ ۴۵۰ میلیون رهن ⛴️
⛴️ مناسب سکونت ⛴️
⛴️ مناسب سرمایه گذاری ⛴️
⛴️ اتاق خواب بزرگ و با قابلیت چیدمان سرویس ۲نفره⛴️



⛴️ پاسخگویی 24 ساعته ⛴️

✍️ انجام تمامی قراردادها زیر نظر وکیل پایه یک دادگستری ✍️

⛴️دسترسی عالی به مراکز خرید، اتوبان ها، مترو.... ⛴️

⛴️ همراهی مسکن فرتاک برای رساندن به قله‌ی خواسته هایتان ⛴️

⛴️ مشاور تخصصی غرب تهران: ⛴️
⛴️ نوری زاده: *** ⛴️
⛴️ املاک فرتاک: ****  داخلی 507 ⛴️",https://divar.ir/v/wYkzcu5g,4100000000.0,,,apartment-sell,real-estate-business,[],تهران,صادقیه,wYkzcu5g
19,125متر_کلیدنخورده_سالن قدی پرده خور_بالکن بزرگ,"⚜️ با رویال به رویاهای خود دست پیدا کنید ⚜️

❇️سازنده بنام منطقه 5
    3 بلوک
 ❇️ هر بلوک 7 طبقه 7 واحدی
هر بلوک 2 لاین آسانسور مجزا
❌ متراژهای مختلف

❇️125متر 
2 خواب
❇️ارتفاع سقف بالای 3 متر
مشاعات بی نظیر
❇️لابی
 لابی من
❇️سالن جیم
سالن گیم
❇️استخر و جکوزی و ....
تالار اجتماعات
❇️سالن بازی کودک
کارواش
و ...........
____________________________
❇️بازدید آزاد با هماهنگی قبلی
امیرطاهری

❇️❇️❇️❇️❇️❇️❇️❇️❇️❇️❇️❇️",https://divar.ir/v/wYezF3RU,15000000000.0,,,apartment-sell,real-estate-business,"['https://s100.divarcdn.com/static/pictures/1676730473/wYezF3RU.webp', 'https://s100.divarcdn.com/static/pictures/1676730473/wYezF3RU.1.webp', 'https://s100.divarcdn.com/static/pictures/1676730473/wYezF3RU.2.webp', 'https://s100.divarcdn.com/static/pictures/1676730473/wYezF3RU.3.webp', 'https://s100.divarcdn.com/static/pictures/1676730473/wYezF3RU.4.webp', 'https://s100.divarcdn.com/static/pictures/1676730473/wYezF3RU.5.webp', 'https://s100.divarcdn.com/static/pictures/1676730473/wYezF3RU.6.webp', 'https://s100.divarcdn.com/static/pictures/1676730473/wYezF3RU.7.webp', 'https://s100.divarcdn.com/static/pictures/1676730473/wYezF3RU.8.webp']",تهران,پونک,wYezF3RU
20,۵۶ متر ۱ خواب  تراورتن فردوس غرب,"با سلام 

فردوس غرب 

۵۶ متر

۱ خواب ( مستر)

فول امکانات ( پارکینگ . انباری . آسانسور )

طبقه ۲ 

رو به آفتاب 

سالن پرده خور 

کم واحد 

نما و مشاعات تراورتن 

واحد تخلیه 

بهترین لوکیشن 

دسترسی عالی 

تماس بگیرید 

مشاور شما

خانم باقری 

دپارتمان آداک",https://divar.ir/v/wYqjTqts,5650000000.0,,,apartment-sell,real-estate-business,"['https://s100.divarcdn.com/static/pictures/1676730467/wYqjTqts.webp', 'https://s100.divarcdn.com/static/pictures/1676730467/wYqjTqts.1.webp', 'https://s100.divarcdn.com/static/pictures/1676730467/wYqjTqts.2.webp', 'https://s100.divarcdn.com/static/pictures/1676730467/wYqjTqts.3.webp', 'https://s100.divarcdn.com/static/pictures/1676730467/wYqjTqts.4.webp', 'https://s100.divarcdn.com/static/pictures/1676730467/wYqjTqts.5.webp', 'https://s100.divarcdn.com/static/pictures/1676730467/wYqjTqts.6.webp', 'https://s100.divarcdn.com/static/pictures/1676730467/wYqjTqts.7.webp', 'https://s100.divarcdn.com/static/pictures/1676730467/wYqjTqts.8.webp', 'https://s100.divarcdn.com/static/pictures/1676730467/wYqjTqts.9.webp', 'https://s100.divarcdn.com/static/pictures/1676730467/wYqjTqts.10.webp', 'https://s100.divarcdn.com/static/pictures/1676730467/wYqjTqts.11.webp', 'https://s100.divarcdn.com/static/pictures/1676730467/wYqjTqts.12.webp']",تهران,کوی فردوس,wYqjTqts
21,فردوس ۵۵ متر فول امکانات,"با سلام ...

    فایل شخصی

فردوس

تک بازدید

فول

زیر قیمت

تماس بگیرید


فقط مصرف کننده

خانم باقری",https://divar.ir/v/wYubjVyM,4100000000.0,,,apartment-sell,real-estate-business,"['https://s100.divarcdn.com/static/pictures/1676730467/wYubjVyM.webp', 'https://s100.divarcdn.com/static/pictures/1676730467/wYubjVyM.1.webp', 'https://s100.divarcdn.com/static/pictures/1676730467/wYubjVyM.2.webp', 'https://s100.divarcdn.com/static/pictures/1676730467/wYubjVyM.3.webp', 'https://s100.divarcdn.com/static/pictures/1676730467/wYubjVyM.4.webp', 'https://s100.divarcdn.com/static/pictures/1676730467/wYubjVyM.5.webp', 'https://s100.divarcdn.com/static/pictures/1676730467/wYubjVyM.6.webp', 'https://s100.divarcdn.com/static/pictures/1676730467/wYubjVyM.7.webp', 'https://s100.divarcdn.com/static/pictures/1676730467/wYubjVyM.8.webp']",تهران,کوی فردوس,wYubjVyM
22,آپارتمان 190 متر _ دیباجی,"به نام خدا
-------------
190 متر 3خواب / تک واحدی

2پارکینگ سندی باکس/نور و نقشه عالی

فرعی دنج و مشجر/کاملا به قیمت رسیده

مشاورین مسکن ایلیا ✅",https://divar.ir/v/wYw7aSlj,17200000000.0,,,apartment-sell,real-estate-business,"['https://s100.divarcdn.com/static/pictures/1676730471/wYw7aSlj.webp', 'https://s100.divarcdn.com/static/pictures/1676730471/wYw7aSlj.1.webp', 'https://s100.divarcdn.com/static/pictures/1676730471/wYw7aSlj.2.webp', 'https://s100.divarcdn.com/static/pictures/1676730471/wYw7aSlj.3.webp', 'https://s100.divarcdn.com/static/pictures/1676730471/wYw7aSlj.4.webp', 'https://s100.divarcdn.com/static/pictures/1676730471/wYw7aSlj.5.webp', 'https://s100.divarcdn.com/static/pictures/1676730471/wYw7aSlj.6.webp', 'https://s100.divarcdn.com/static/pictures/1676730471/wYw7aSlj.7.webp']",تهران,پاسداران,wYw7aSlj
23,۱۶۱متر۳خواب نوساز جنوبی دیدکامل دریاچه وجنگل,"آپارتمان۱۶۱متری جنوبی دیدکامل دریاچه وجنگل نوساز۳خواب 
جنوبی آفتاب گیرعالی کامل
کناردریاچه 
سنددردست اقدام بزودی
لابی هتلی 
خوش نقشه
سالن واشپزخانه بزرگ
بالکن بزرگ دیدکامل دریاچه وجنگل
کمددیواریهای بزرگ
سالنهای اجتماعات بزرگ
باشگاه ورزشی
نزدیک مترو ایرانخودرو وکوهک
 وآنتن مرکزی
واحد کابینتها تعویض ،نورپردازی ونقاشی شده
تخلیه 
تخفیف پای نشست فروشنده واقعی",https://divar.ir/v/wYOb4iuW,10465000000.0,,,apartment-sell,real-estate-business,"['https://s100.divarcdn.com/static/pictures/1676730466/wYOb4iuW.webp', 'https://s100.divarcdn.com/static/pictures/1676730466/wYOb4iuW.1.webp', 'https://s100.divarcdn.com/static/pictures/1676730466/wYOb4iuW.2.webp', 'https://s100.divarcdn.com/static/pictures/1676730466/wYOb4iuW.3.webp', 'https://s100.divarcdn.com/static/pictures/1676730466/wYOb4iuW.4.webp', 'https://s100.divarcdn.com/static/pictures/1676730466/wYOb4iuW.5.webp', 'https://s100.divarcdn.com/static/pictures/1676730466/wYOb4iuW.6.webp', 'https://s100.divarcdn.com/static/pictures/1676730466/wYOb4iuW.7.webp', 'https://s100.divarcdn.com/static/pictures/1676730466/wYOb4iuW.8.webp', 'https://s100.divarcdn.com/static/pictures/1676730466/wYOb4iuW.9.webp', 'https://s100.divarcdn.com/static/pictures/1676730466/wYOb4iuW.10.webp', 'https://s100.divarcdn.com/static/pictures/1676730466/wYOb4iuW.11.webp', 'https://s100.divarcdn.com/static/pictures/1676730466/wYOb4iuW.12.webp', 'https://s100.divarcdn.com/static/pictures/1676730466/wYOb4iuW.13.webp', 'https://s100.divarcdn.com/static/pictures/1676730466/wYOb4iuW.14.webp', 'https://s100.divarcdn.com/static/pictures/1676730466/wYOb4iuW.15.webp', 'https://s100.divarcdn.com/static/pictures/1676730466/wYOb4iuW.16.webp', 'https://s100.divarcdn.com/static/pictures/1676730466/wYOb4iuW.17.webp', 'https://s100.divarcdn.com/static/pictures/1676730466/wYOb4iuW.18.webp']",تهران,دریاچه شهدای خلیج فارس,wYOb4iuW
24,شمیرانو ۷۰ متر دو خواب تکواحد,"تکواحدی 
نورگیر عالی از دو طرف ملک جنوبی دو خواب 
نقاشی شده ۲۴۰ میلیون مستاجر قولنامه ای با کد رهگیری داخلش کف سرامیک پکیج و رادیاتور دارای بالکن و انباری بزرگ آشپزخانه بزرگ پنجره پی وی سی ۳ غربی پلاک ۵۰",https://divar.ir/v/wYTnL-ke,1760000000.0,,,apartment-sell,personal,"['https://s100.divarcdn.com/static/pictures/1676730465/wYTnL-ke.webp', 'https://s100.divarcdn.com/static/pictures/1676730465/wYTnL-ke.1.webp', 'https://s100.divarcdn.com/static/pictures/1676730465/wYTnL-ke.2.webp', 'https://s100.divarcdn.com/static/pictures/1676730465/wYTnL-ke.3.webp', 'https://s100.divarcdn.com/static/pictures/1676730465/wYTnL-ke.4.webp', 'https://s100.divarcdn.com/static/pictures/1676730465/wYTnL-ke.5.webp']",تهران,شمیران‌نو,wYTnL-ke
25,فروش آپارتمان ۱۵۵ متری در دیباجی جنوبی,"لوکیشن عالی 
نورگیر از شمال و‌جنوب  
خوش نقشه و بدون پرتی 
پارکینگ آسانسور انباری 
مناسب مصرف کننده واقعی 
جهت ارائه توضیحات بیشتر تماس بگیرید 
مشاور شما در امور ملکی حبیبی 
***********",https://divar.ir/v/wYP_MgKX,17000000000.0,,,apartment-sell,real-estate-business,[],تهران,اختیاریه,wYP_MgKX
26,100متر _ دوخواب _ سالن پرده خور _ اشرفی,"اشرفی                          تیراژه

                فایل کاملا شخصی میباشد

                     تاپ لوکیشن منطقه

                       فرعی دنج و آرام

      سالن پرده خور              روبه آفتاب

                         غرق در نور

بسیار خوش نقشه

                         خوش چیدمان

                                         بدون یک سانت پرتی

خواب ها بزرگ پرده خور رو به آفتاب

آشپزخانه با کابینت فراوان در خور بانوی ایرانی

نما و مشاعات در خور تحسین

                        بازدید   =   خرید

قایلیت رهن تا (  850 میلیون  ) 

وام مسکن  (  480 میلیون  ) 

دسترسی آسان به شاه راههای کلیدی

دسترسی عالی به مراکز خرید

مالک بسیار فروشنده

مشاور قدیمی منطقه  :  آریافر

                    املاک یزرگ راشا",https://divar.ir/v/wYs7tAE-,8250000000.0,,,apartment-sell,real-estate-business,"['https://s100.divarcdn.com/static/pictures/1676730461/wYs7tAE-.webp', 'https://s100.divarcdn.com/static/pictures/1676730461/wYs7tAE-.1.webp', 'https://s100.divarcdn.com/static/pictures/1676730461/wYs7tAE-.2.webp', 'https://s100.divarcdn.com/static/pictures/1676730461/wYs7tAE-.3.webp', 'https://s100.divarcdn.com/static/pictures/1676730461/wYs7tAE-.4.webp', 'https://s100.divarcdn.com/static/pictures/1676730461/wYs7tAE-.5.webp', 'https://s100.divarcdn.com/static/pictures/1676730461/wYs7tAE-.6.webp']",تهران,باغ فیض,wYs7tAE-
27,۱۰۵ متر _ دو خواب_ تک واحدی_ سرمایه گذاری,"بنام خالق زیبایی ها ❇️

۱۰۵ متر / دو خواب/ ۴ طبقه تک واحدی ✅

سالن خوش نقشه و پرده خور ✅

نما تراورتن و مشاعات فوق‌العاده ✅

آشپزخانه کدبانو پسند ✅

فول امکانات ✅

تاپ لوکیشن ✅

مخصوص سرمایه گذاری (دلالی)✅

فایل استثنایی می‌باشد ❗

برای اطلاعات بیشتر باید تماس بگیرید ⬇️⬇️

شهروز ***********
شهروز ***********",https://divar.ir/v/wYwzKGEW,8670000000.0,,,apartment-sell,real-estate-business,"['https://s100.divarcdn.com/static/pictures/1676730463/wYwzKGEW.webp', 'https://s100.divarcdn.com/static/pictures/1676730463/wYwzKGEW.1.webp', 'https://s100.divarcdn.com/static/pictures/1676730463/wYwzKGEW.2.webp', 'https://s100.divarcdn.com/static/pictures/1676730463/wYwzKGEW.3.webp', 'https://s100.divarcdn.com/static/pictures/1676730463/wYwzKGEW.4.webp']",تهران,شهران جنوبی,wYwzKGEW
28,125متر _2خواب _ سالن پرده خور_ بهار شمالی,"‼️پیشنهادی ویژه‼️ 
  ☑️بازدید ازاین واحد را ازدست ندهید☑️ 
       ✅لوکیشن ودسترسی بینظیر✅
        ☑️واحد نوساز کلید نخورده☑️ 
        سازه ای لوکس و مدرن

☀️سالن و خواب پرده خور
                         روبه آفتاب غرق درنور☀️

✅سالن بسیار خوش نقشه
               مناسب برای هر نوع چیدمان✅

☑️2خواب بزرگ 
      دارای کمد دیواری های عمیق وجادار☑️

مالک فروشنده واقعی 

جهت بازدید و اطلاعات بیشتر تماس بگیرید

مشاور شما : مزیدی",https://divar.ir/v/wYrHm7gy,10200000000.0,,,apartment-sell,real-estate-business,"['https://s100.divarcdn.com/static/pictures/1676730460/wYrHm7gy.webp', 'https://s100.divarcdn.com/static/pictures/1676730460/wYrHm7gy.1.webp', 'https://s100.divarcdn.com/static/pictures/1676730460/wYrHm7gy.2.webp', 'https://s100.divarcdn.com/static/pictures/1676730460/wYrHm7gy.3.webp', 'https://s100.divarcdn.com/static/pictures/1676730460/wYrHm7gy.4.webp']",تهران,ارم,wYrHm7gy
29,۵۰۰متر پنت هاوس نیاوران دیپلمات نشین,"❌️فایل کاملا شخصی❌️
               ❌️تاپ ترین لوکیشن ❌️

✔️۵۰۰متر پنت هاوس ملک رویایی ویو ابدی

✔️۴خواب به صورت مستر

✔️آشپزخانه فول فرنیش برند میله

✔️تراس بزرگ قابل چیدمان 

✔️مشاعات فول کامل

✔️ورودی لابی مجلل ولابی من ۲۴ساعته 

✔️۴پارکینگ باکس

✔️سند شخصی بدون ریشه 

✔️جهت تکمیل اطلاعات فقط فقط تماس بگیرید 

دپارتمان بزرگ وقدرتمند منطقه سپنتا بام 

مهندس سیاوش 

باتشکر از برنامه خوب دیوار",https://divar.ir/v/wYbzZW28,160000000000.0,,,apartment-sell,real-estate-business,"['https://s100.divarcdn.com/static/pictures/1676730453/wYbzZW28.webp', 'https://s100.divarcdn.com/static/pictures/1676730453/wYbzZW28.1.webp', 'https://s100.divarcdn.com/static/pictures/1676730453/wYbzZW28.2.webp', 'https://s100.divarcdn.com/static/pictures/1676730453/wYbzZW28.3.webp', 'https://s100.divarcdn.com/static/pictures/1676730453/wYbzZW28.4.webp', 'https://s100.divarcdn.com/static/pictures/1676730453/wYbzZW28.5.webp', 'https://s100.divarcdn.com/static/pictures/1676730453/wYbzZW28.6.webp', 'https://s100.divarcdn.com/static/pictures/1676730453/wYbzZW28.7.webp', 'https://s100.divarcdn.com/static/pictures/1676730453/wYbzZW28.8.webp', 'https://s100.divarcdn.com/static/pictures/1676730453/wYbzZW28.9.webp', 'https://s100.divarcdn.com/static/pictures/1676730453/wYbzZW28.10.webp', 'https://s100.divarcdn.com/static/pictures/1676730453/wYbzZW28.11.webp', 'https://s100.divarcdn.com/static/pictures/1676730453/wYbzZW28.12.webp', 'https://s100.divarcdn.com/static/pictures/1676730453/wYbzZW28.13.webp', 'https://s100.divarcdn.com/static/pictures/1676730453/wYbzZW28.14.webp', 'https://s100.divarcdn.com/static/pictures/1676730453/wYbzZW28.15.webp', 'https://s100.divarcdn.com/static/pictures/1676730453/wYbzZW28.16.webp', 'https://s100.divarcdn.com/static/pictures/1676730453/wYbzZW28.17.webp', 'https://s100.divarcdn.com/static/pictures/1676730453/wYbzZW28.18.webp']",تهران,نیاوران,wYbzZW28
30,آپارتمان فروش ۲خواب بلوار آزادگان,"✅امکانات کامل

✅لوکیشن و دسترسی عالی

✅نورگیر از دو طرف

✅پذیرایی بزرگ و قابل چیدمان

«فروشنده واقعی»

——————————————————————————
مشاور شما و کارشناس منطقه:
«شاغولی»",https://divar.ir/v/wYeHrjPf,12160000000.0,,,apartment-sell,real-estate-business,[],تهران,امیرآباد,wYeHrjPf
31,آپارتمان ۱۳۱متر ۳خواب امیرآباد,"✅پارکینگ جای خوب و انباری بزرگ

✅ساختمان دو کله

✅نورگیر از دو طرف

✅مشاعات تمیز

✅بسیار خوش نقشه و بدون پرتی

——————————————————————————
مشاور شما و کارشناس منطقه:
«شاغولی»",https://divar.ir/v/wYZnEmZE,9825000000.0,,,apartment-sell,real-estate-business,[],تهران,امیرآباد,wYZnEmZE
32,اپارتمان۱۳۰متری،سه اتاق،قراردادمحضری،قدرالسم,"⚜️تعاونی معتبرانبوه سازان کیان مهرپارس⚜️

✨اپارتمان خوش نقشه ،غرب چیتگر
✨واحد۱۳۰ متری
✨سه خواب نورگیر
✨۴۵۰ میلیون وام،۱۲ساله،بدون نیازبه ضامن
✨خریدمستقیم ازتعاونی بدون واسطه و کمیسیون

♻️امکانات پروژه:♻️

روف گاردن
سیستم هوشمندBMS
پارکینگ،پارکینگ مهمان،انباری
سونا،استخر،جکوزی
سالن ورزشی مجهز بانوان واقایان
سالن بازی کودکان و مهدکودک
سالن اجتماعات و برگزاری مراسمات
سالن مدیریت

❇️دسترسی ها:❇️

✅مترو
✅اتوبان حکیم
✅اتوبان همت
✅اتوبان تهران-کرج

کارشناس فروش مستقیم پروژه :
رها راد",https://divar.ir/v/wYrPk55N,2275000000.0,,,apartment-sell,real-estate-business,"['https://s100.divarcdn.com/static/pictures/1676730448/wYrPk55N.webp', 'https://s100.divarcdn.com/static/pictures/1676730448/wYrPk55N.1.webp', 'https://s100.divarcdn.com/static/pictures/1676730448/wYrPk55N.2.webp']",تهران,چیتگر,wYrPk55N
33,۱۲۳متر،۲خواب،ساختمان تاپ منطقه،مشاعات هتلینگ,"✔️ساختمان برند منطقه کیکاووس
✔️ساختمانی با معماری متفاوت
✔️درعین مجتمع بودن هر واحد بصورت تک واحدی و آسانسور اختصاصی و بدون دیوار مشترک میباشد

✳️✳️✳️✳️تصاویر واقعی می‌باشد✳️✳️✳️✳️

مشاعات بینظیر شامل

▪️لابی مدرن مجلل با لابی من
▫️سالن اجتماعات بزرگ و تجهیز شده
▪️سالن جیم با کلیه امکانات ورزشی
▫️روف گاردن بدون مشابه در منطقه
▪️۲لاین آسانسور ۱۰نفره
▫️سرایداری مقیم

آپارتمان ۱۲۳متری نوساز
تمام قسمت‌های واحد از نور مستقیم آفتاب بهره مند بوده
واحد پاسیو ندارد
پنجره ها تمام قد
۲خواب بزرگ و پرکمد
۱خواب مستر
تراس کاربردی و قابل چیدمان

بدون خرید از این ساختمان خارج نخواهید شد

بهترین هارا از من بخواهید
▫️▪️▫️▪️▫️▪️▫️▪️▫️▪️▫️▪️▫️▪️▫️▪️▫️
کارگزار امور ملکی و مشاور قدیمی منطقه دولت
«پوریا طهماسبی»",https://divar.ir/v/wYwvK1Mj,19065000000.0,,,apartment-sell,real-estate-business,"['https://s100.divarcdn.com/static/pictures/1676730449/wYwvK1Mj.webp', 'https://s100.divarcdn.com/static/pictures/1676730449/wYwvK1Mj.1.webp', 'https://s100.divarcdn.com/static/pictures/1676730449/wYwvK1Mj.2.webp', 'https://s100.divarcdn.com/static/pictures/1676730449/wYwvK1Mj.3.webp', 'https://s100.divarcdn.com/static/pictures/1676730449/wYwvK1Mj.4.webp', 'https://s100.divarcdn.com/static/pictures/1676730449/wYwvK1Mj.5.webp', 'https://s100.divarcdn.com/static/pictures/1676730449/wYwvK1Mj.6.webp']",تهران,فرمانیه,wYwvK1Mj
34,فروش آپارتمان 140 متری در دیباجی جنوبی,"موقعیت عالی برای خرید آپارتمان با متراژ و قیمت مناسب 
نور عالی از دو جهت 
نقشه بدون پرتی 
متریال درجه 1
طبقه چهارم 
تک واحدی 
بدون دیوار مشترک 
بدون سکونت مالک 
لوکیشن با دسترسی مناسب 
مشاور شما در منطقه حبیبی 
***********",https://divar.ir/v/wYrqjru8,16000000000.0,,,apartment-sell,real-estate-business,[],تهران,اختیاریه,wYrqjru8
35,۱۴۴متر سه‌خواب‌ *سند‌تک‌برگ* شهرک صیادشیرازی,"سلام و احترام
واحد ۱۴۴ متر 
✅سه خواب و بسیار خوش‌ نقشه
✅سالن مرتب و پنجره خور
✅مناسب برای چیدمان مبلمان و‌‌ میز ناهار خوری 
✅ خواب های بزرگ با کمد دیواری عمیق
✅یک خواب مستر
✅ سه سرویس مجزا ، دوتا فرنگی یک سرویس ایرانی
✅ جهت واحد شمالی شرقی

********************
✅برج های صیاد شیرازی فاز اول
✅دارای سند تک برگ
✅۱۴ طبقه ۴ واحدی بدون دیوار مشترک
✅با لابی من ۲۴ ساعته و واحد نگهبانی ۲۴ ساعته
✅محیط شهرکی و دنج
✅قیمت رهن واحد حدود ۸۰۰ میلیون تومان

********************
✅ دسترسی به همت ، حکیم و ازادگان
✅ در جوار ایرانمال ، باملند ، مجتمع تجاری تماس
✅ پارک چیتگر ، لتمال ، آبشار

*********************
املاک جعفری
مشخصات واحد دلخواه از شما فایل از ما
مشاور 
حسین محمدی 
هر سوال یا مشورتی درمورد واحد یا منطقه دارید‌ با کمال رغبت درخدمتم",https://divar.ir/v/wYbXYOAc,7900000000.0,,,apartment-sell,real-estate-business,"['https://s100.divarcdn.com/static/pictures/1676730437/wYbXYOAc.webp', 'https://s100.divarcdn.com/static/pictures/1676730437/wYbXYOAc.1.webp', 'https://s100.divarcdn.com/static/pictures/1676730437/wYbXYOAc.2.webp', 'https://s100.divarcdn.com/static/pictures/1676730437/wYbXYOAc.3.webp', 'https://s100.divarcdn.com/static/pictures/1676730437/wYbXYOAc.4.webp', 'https://s100.divarcdn.com/static/pictures/1676730437/wYbXYOAc.5.webp', 'https://s100.divarcdn.com/static/pictures/1676730437/wYbXYOAc.6.webp', 'https://s100.divarcdn.com/static/pictures/1676730437/wYbXYOAc.7.webp', 'https://s100.divarcdn.com/static/pictures/1676730437/wYbXYOAc.8.webp', 'https://s100.divarcdn.com/static/pictures/1676730437/wYbXYOAc.9.webp', 'https://s100.divarcdn.com/static/pictures/1676730437/wYbXYOAc.10.webp', 'https://s100.divarcdn.com/static/pictures/1676730437/wYbXYOAc.11.webp']",تهران,دریاچه شهدای خلیج فارس,wYbXYOAc
36,( الهیه ) 5000 متر . نوساز . برند,"|| .. پایان کار آماده "" نمی باشد "" .. ||
|| متری 330 تومان ||
|| 500 میلیارد فقط قیمت 1500 متر میباشد ||
| زعفرانیه ـ الهیه _ ولنجک _ محمودیه |
|| مهندس پارسا ||
... ... ...
( الهیه ) 5000 متر . نوساز . برند
|| هویت خریدار و توان مالی باید مشخص باشد ||
|| قیمت کل با توجه به پرداخت متفاوت میباشد ||
|| روف گاردن ||
|| لابی . استخر ||
|| سالن اجتماعات ||
|| ساختمان فول برند ||
|| . زمین ، سازنده : شخصی ||",https://divar.ir/v/wYYGIb0D,500000000000.0,,,apartment-sell,real-estate-business,"['https://s100.divarcdn.com/static/pictures/1676730437/wYYGIb0D.webp', 'https://s100.divarcdn.com/static/pictures/1676730437/wYYGIb0D.1.webp', 'https://s100.divarcdn.com/static/pictures/1676730437/wYYGIb0D.2.webp', 'https://s100.divarcdn.com/static/pictures/1676730437/wYYGIb0D.3.webp', 'https://s100.divarcdn.com/static/pictures/1676730437/wYYGIb0D.4.webp', 'https://s100.divarcdn.com/static/pictures/1676730437/wYYGIb0D.5.webp', 'https://s100.divarcdn.com/static/pictures/1676730437/wYYGIb0D.6.webp', 'https://s100.divarcdn.com/static/pictures/1676730437/wYYGIb0D.7.webp', 'https://s100.divarcdn.com/static/pictures/1676730437/wYYGIb0D.8.webp']",تهران,الهیه,wYYGIb0D
37,آپارتمان ۱۵۰ متری در پاسداران، ساقدوش,"لابی شیک
لابی من ۲۴ ساعته
سالن اجتماعات
۳ خواب
۱ خواب مستر
واحدی بدون مشرف با دید ابدی
کاملا دیزاین شده ( شامل کمدها و کابینت های مدرن، بالکن، سرویس ها و شیر آلات، نورپردازی، کلید پریزها و ....)
۲ خواب و پذیرایی و آشپزخانه رو به آفتاب

جهت دریافت اطلاعات تکمیلی لطفا تماس بگیرید.

بابازاده",https://divar.ir/v/wYuzyRdh,16000000000.0,,,apartment-sell,real-estate-business,"['https://s100.divarcdn.com/static/pictures/1676730434/wYuzyRdh.webp', 'https://s100.divarcdn.com/static/pictures/1676730434/wYuzyRdh.1.webp', 'https://s100.divarcdn.com/static/pictures/1676730434/wYuzyRdh.2.webp', 'https://s100.divarcdn.com/static/pictures/1676730434/wYuzyRdh.3.webp']",تهران,هروی,wYuzyRdh
38,۹۲ متر دوخواب فول امکانات,"قابل توجه خریداران محترم 

زیر زیر زیر قیمت منطقه 
۹۲ متر دوخواب 
فول امکانات 
نما و مشاعات عالی 
نورگیر عالی 
سالن مربع 
فرعی دنج 

مشاور شما تهرانی 
مسکن بزرگ سراج",https://divar.ir/v/wYw76SwI,6500000000.0,,,apartment-sell,real-estate-business,[],تهران,بهار,wYw76SwI
39,آپارتمان سندتک برگ۱۴۶متری۳خواب دریاچه چیتگر,"بنام خداوند مهربان
۱۴۶متر
۳خواب 
سندتک برگ
بازسازی شده
کم واحد
خوش نقشه
کناردریاچه وایرانمال
تخلیه",https://divar.ir/v/wYaHkxK4,8200000000.0,,,apartment-sell,real-estate-business,[],تهران,دریاچه شهدای خلیج فارس,wYaHkxK4
40,110 متر 2 خواب فول امکانات _شمس اباد,"◼️◼️◼️املاک بزرگ ماکان ◼️◼️◼️

◾◾ضلع شرق میدان هروی ◾◾

✨110متر2خواب
✨سالن بزرگ.وخوش نقشه
✨آشپزخانه بزرگ با کابینت‌های منبران
✨بالکن کاربردی / کمد دیواریهای بزرگ وعمیق
✨ورودی از لابی
✨سالن جیم /سالن اجتماعات 
✨روف گاردن/

⚜️مالک فروشنده واقعی⚜️

ارادتمند شما
خسروی ***********",https://divar.ir/v/wYnH2DuI,10100000000.0,,,apartment-sell,real-estate-business,[],تهران,شمس‌آباد,wYnH2DuI
41,۷۰متر _ کلیدنخورده _ مستقیم از سازنده,"⚜️سازه ای بنام با سازنده ای بنام⚜️
❌خرید مستقیم از سازنده❌
✅آماده سکونت✅

∆∆∆∆∆∆∆∆∆∆∆∆∆∆∆∆∆∆∆∆∆∆∆∆∆∆∆∆∆∆
‌»»»»»»»»»»»⭕فقط متری ۷۶⭕««««««««««««««
∆∆∆∆∆∆∆∆∆∆∆∆∆∆∆∆∆∆∆∆∆∆∆∆∆∆∆∆∆∆

⚠️اکازیون‌                                             اکازیون⚠️
‌ ‌ ‌     ‌ ‌ ‌       قیمت فوق العاده سرمایه گذاری 

✓ دارای لابی مجلل
✓ دارای نگهبانی و سرایدار مقیم
✓ پلان استثنایی
✓ نور و نقشه فوق العاده(روبه آفتاب)

☑️قابلیت رهن تا ۶۰۰ ☑️

☎️ تــمــاس= تـوضـیـحـات شـنـیـدنی ☎️

مشاور تخصصی و فعال منطقه :

‌ ‌ ‌ ⚜️حـســیـنی⚜️
☎️☎️☎️☎️☎️☎️☎️‌ ‌ ‌",https://divar.ir/v/wYsTvpjb,5350000000.0,,,apartment-sell,real-estate-business,"['https://s100.divarcdn.com/static/pictures/1676730410/wYsTvpjb.webp', 'https://s100.divarcdn.com/static/pictures/1676730410/wYsTvpjb.1.webp', 'https://s100.divarcdn.com/static/pictures/1676730410/wYsTvpjb.2.webp', 'https://s100.divarcdn.com/static/pictures/1676730410/wYsTvpjb.3.webp', 'https://s100.divarcdn.com/static/pictures/1676730410/wYsTvpjb.4.webp', 'https://s100.divarcdn.com/static/pictures/1676730410/wYsTvpjb.5.webp', 'https://s100.divarcdn.com/static/pictures/1676730410/wYsTvpjb.6.webp']",تهران,شهر زیبا,wYsTvpjb
42,اپارتمان شهرک غرب ۱۴۰ متر تکواحد ۳ خواب غرق نور,"شهرک غرب 
۱۴۰ متر تکواحدی 
۳ خواب یک خواب مستر 
سالن پرده خور رو به آفتاب 
غرق در نور 
بهترین طبقه 
متریال برند 

پارکینگ / انباری / اسانسور / بالکن 
دسترسی و لوکیشن عالی 
موارد مشابه را از ما بخواهید 

سوری       ***********",https://divar.ir/v/wYw76F7-,18600000000.0,,,apartment-sell,real-estate-business,"['https://s100.divarcdn.com/static/pictures/1676730409/wYw76F7-.webp', 'https://s100.divarcdn.com/static/pictures/1676730409/wYw76F7-.1.webp', 'https://s100.divarcdn.com/static/pictures/1676730409/wYw76F7-.2.webp', 'https://s100.divarcdn.com/static/pictures/1676730409/wYw76F7-.3.webp', 'https://s100.divarcdn.com/static/pictures/1676730409/wYw76F7-.4.webp', 'https://s100.divarcdn.com/static/pictures/1676730409/wYw76F7-.5.webp']",تهران,شهرک غرب,wYw76F7-
43,آپارتمان ۶۰متری پروژه پدافند ارتش چیتگر,"به نام خدا 

⚡برج مجلل همراه با امکانات مدرن ، باشگاه ورزشی ، سالن اجتماعات ، مهد کودک
⚡ پلن عالی ، لاندری روم و مستر 
⚡متریال مرغوب 
⚡دسترسی عالی به اتوبان ، فاصله اندک با مترو 
⚡ثبت قرار داد در دفتر اسناد رسمی 


بدون واسطه و بدون پرداخت کمسیون از سازنده خریداری فرمایید",https://divar.ir/v/wYrDFtvu,650000000.0,,,apartment-sell,real-estate-business,"['https://s100.divarcdn.com/static/pictures/1676730401/wYrDFtvu.webp', 'https://s100.divarcdn.com/static/pictures/1676730401/wYrDFtvu.1.webp', 'https://s100.divarcdn.com/static/pictures/1676730401/wYrDFtvu.2.webp', 'https://s100.divarcdn.com/static/pictures/1676730401/wYrDFtvu.3.webp', 'https://s100.divarcdn.com/static/pictures/1676730401/wYrDFtvu.4.webp', 'https://s100.divarcdn.com/static/pictures/1676730401/wYrDFtvu.5.webp', 'https://s100.divarcdn.com/static/pictures/1676730401/wYrDFtvu.6.webp', 'https://s100.divarcdn.com/static/pictures/1676730401/wYrDFtvu.7.webp', 'https://s100.divarcdn.com/static/pictures/1676730401/wYrDFtvu.8.webp', 'https://s100.divarcdn.com/static/pictures/1676730401/wYrDFtvu.9.webp', 'https://s100.divarcdn.com/static/pictures/1676730401/wYrDFtvu.10.webp', 'https://s100.divarcdn.com/static/pictures/1676730401/wYrDFtvu.11.webp', 'https://s100.divarcdn.com/static/pictures/1676730401/wYrDFtvu.12.webp']",تهران,چیتگر,wYrDFtvu
44,٧٠متر قیطریه رو به افتاب,"ملک واقع در قیطریه
خ کیکاوس
فرعی دنج و عالی
نقشه فوق العاده
ساختمان ١٢ سال ساخت
نما زیبا
نقشه بی نظیر
نور از ٢ جهت
پارکینگ عالی
انباری
فایل شخصی
اسدی مسکن تراس قیطریه
***********
***********",https://divar.ir/v/wYtbdIyb,9000000000.0,,,apartment-sell,real-estate-business,"['https://s100.divarcdn.com/static/pictures/1676730398/wYtbdIyb.webp', 'https://s100.divarcdn.com/static/pictures/1676730398/wYtbdIyb.1.webp', 'https://s100.divarcdn.com/static/pictures/1676730398/wYtbdIyb.2.webp', 'https://s100.divarcdn.com/static/pictures/1676730398/wYtbdIyb.3.webp', 'https://s100.divarcdn.com/static/pictures/1676730398/wYtbdIyb.4.webp', 'https://s100.divarcdn.com/static/pictures/1676730398/wYtbdIyb.5.webp', 'https://s100.divarcdn.com/static/pictures/1676730398/wYtbdIyb.6.webp']",تهران,قیطریه,wYtbdIyb
45,۱۴۴متر طبقه آخر برج نور و ویو  برج شیک‌صیاد,"سلام و احترام

✅واحد ۱۴۴ متر و دوخواب
✅طبقه آخر برج بهترین نور و ویو
✅لابی بسیار شیک و مجلل
✅موقعیت عالی و شهرکی
✅دسترسی عالی به همت
✅مالک فروشنده واقعی و منعطف

املاک جعفری 
مشاور حسین محمدی 
هر سوال یا مشورتی در‌مورد این واحد یا منطقه دارید با کمال رغبت درخدمتم",https://divar.ir/v/wYafjP1C,9648000000.0,,,apartment-sell,real-estate-business,"['https://s100.divarcdn.com/static/pictures/1676730393/wYafjP1C.webp', 'https://s100.divarcdn.com/static/pictures/1676730393/wYafjP1C.1.webp', 'https://s100.divarcdn.com/static/pictures/1676730393/wYafjP1C.2.webp', 'https://s100.divarcdn.com/static/pictures/1676730393/wYafjP1C.3.webp', 'https://s100.divarcdn.com/static/pictures/1676730393/wYafjP1C.4.webp', 'https://s100.divarcdn.com/static/pictures/1676730393/wYafjP1C.5.webp', 'https://s100.divarcdn.com/static/pictures/1676730393/wYafjP1C.6.webp']",تهران,دریاچه شهدای خلیج فارس,wYafjP1C
46,۴۰ متر_ تک واحدی_ سرمایه گذاری,"‌به نام خالق هستی

۴۰ متر خوش نقشه
اتاق خواب تخت خور   
نورگیر عالی 
سالن پرده خور 
فول بازسازی
انباری
تک واحدی 
دسترسی عالی
گذر ۸ متری 
:::::::::::::::::: :::::::::::::::::::::::::::::::::::::::::::::::::::::::::::
     موقعیت عالی برای سرمایه گذاری و سکونت 
::::::::::::::::::::::::::::::::::::::::::::::::::::::::::::::::::::::::::::::
مشاور تخصصی منطقه (خانم دهقانی)",https://divar.ir/v/wYwnqwNo,1700000000.0,,,apartment-sell,personal,"['https://s100.divarcdn.com/static/pictures/1676730393/wYwnqwNo.webp', 'https://s100.divarcdn.com/static/pictures/1676730393/wYwnqwNo.1.webp', 'https://s100.divarcdn.com/static/pictures/1676730393/wYwnqwNo.2.webp', 'https://s100.divarcdn.com/static/pictures/1676730393/wYwnqwNo.3.webp', 'https://s100.divarcdn.com/static/pictures/1676730393/wYwnqwNo.4.webp']",تهران,نواب,wYwnqwNo
47,۳۵متر_کلیدنخورده_تک واحدی_نقلی_عروسک,"هوالرزاق

⚜املاک بزرگ شاران⚜

۳۵متر         ۱خواب

۴طبقه        تک واحدی        طبقه۲

سال ساخت : ۱۴۰۱کلیدنخورده 

فول امکانات 

✔آسانسور 

✔انباری 

✔بالکن

توضیحات :

✔آسانسور ایتالیایی     ✔  کف سرامیک

✔متریال برند               ✔  کابینت هایگلس 

✔سالن پرده خور              ✔گذر پهن

✔مناسب برای  سرمایه گذاری،خانواده و زوج

✔فایل مشابه با لوکیشن و قیمت دلخواه موجود                           
      است

آدرس:  سلسبیل رودکی

قیمت: ۲،۴۰۰ 

مشاور و کارشناس منطقه ۹و۱۰:

                                (امینی)",https://divar.ir/v/wYwva1D9,2400000000.0,,,apartment-sell,real-estate-business,"['https://s100.divarcdn.com/static/pictures/1676730395/wYwva1D9.webp', 'https://s100.divarcdn.com/static/pictures/1676730395/wYwva1D9.1.webp', 'https://s100.divarcdn.com/static/pictures/1676730395/wYwva1D9.2.webp', 'https://s100.divarcdn.com/static/pictures/1676730395/wYwva1D9.3.webp', 'https://s100.divarcdn.com/static/pictures/1676730395/wYwva1D9.4.webp', 'https://s100.divarcdn.com/static/pictures/1676730395/wYwva1D9.5.webp', 'https://s100.divarcdn.com/static/pictures/1676730395/wYwva1D9.6.webp', 'https://s100.divarcdn.com/static/pictures/1676730395/wYwva1D9.7.webp', 'https://s100.divarcdn.com/static/pictures/1676730395/wYwva1D9.8.webp', 'https://s100.divarcdn.com/static/pictures/1676730395/wYwva1D9.9.webp', 'https://s100.divarcdn.com/static/pictures/1676730395/wYwva1D9.10.webp', 'https://s100.divarcdn.com/static/pictures/1676730395/wYwva1D9.11.webp', 'https://s100.divarcdn.com/static/pictures/1676730395/wYwva1D9.12.webp', 'https://s100.divarcdn.com/static/pictures/1676730395/wYwva1D9.13.webp', 'https://s100.divarcdn.com/static/pictures/1676730395/wYwva1D9.14.webp']",تهران,سلسبیل,wYwva1D9
48,65.5متر 2خ.همه‌جهت‌نورگیر 6سال‌ساخت  اسکندری,"حسبی الله 
              ❗گوهری نایاب در کل منطقه❗
⚜️سود تضمینی برای سال آینده با خریدی هوشمندانه⚜️

✅65.5متر 2 خواب   تخت خور  مستر
✅4طبقه 2واحدی         طبقه اول

✅امکانات (✓آسانسور✓انباری✓بالکن)

✅6سال ساخت نما تراورتن 
⬅️مشاعات تمیز

✨سالن مربع خوش چیدمان✨
  ✨دو کله نور گیر  غرق نور✨

⬅️کابینت هایگلاس/گاز رومیزی هود لمسی 

✅سند تک برگ آماده انتقال
✅قابلیت رهن 300 میلیون


✅لوکیشن:: اسکندری__رنجبر

  ❗تک بازدید==خرید❗
❗بدون کوچکترین نقص❗

☎️مشاور و کارشناس منطقه سهرابی",https://divar.ir/v/wYkT5EUR,2670000000.0,,,apartment-sell,real-estate-business,"['https://s100.divarcdn.com/static/pictures/1676730386/wYkT5EUR.webp', 'https://s100.divarcdn.com/static/pictures/1676730386/wYkT5EUR.1.webp', 'https://s100.divarcdn.com/static/pictures/1676730386/wYkT5EUR.2.webp', 'https://s100.divarcdn.com/static/pictures/1676730386/wYkT5EUR.3.webp', 'https://s100.divarcdn.com/static/pictures/1676730386/wYkT5EUR.4.webp', 'https://s100.divarcdn.com/static/pictures/1676730386/wYkT5EUR.5.webp']",تهران,نواب,wYkT5EUR
49,44متر تکواحدی,"44 متر 1 خواب
سالن خوش نقشه مربع 
کف سرامیک 
نورگیر عالی

اتاق خواب تخت خور کمددیواری

اشپزخانه کابینتMDF
گاز و هود

مشاور شما: خانم خردمند",https://divar.ir/v/wYwvK_Pw,1850000000.0,,,apartment-sell,personal,"['https://s100.divarcdn.com/static/pictures/1676730386/wYwvK_Pw.webp', 'https://s100.divarcdn.com/static/pictures/1676730386/wYwvK_Pw.1.webp', 'https://s100.divarcdn.com/static/pictures/1676730386/wYwvK_Pw.2.webp', 'https://s100.divarcdn.com/static/pictures/1676730386/wYwvK_Pw.3.webp', 'https://s100.divarcdn.com/static/pictures/1676730386/wYwvK_Pw.4.webp', 'https://s100.divarcdn.com/static/pictures/1676730386/wYwvK_Pw.5.webp']",تهران,آهنگ,wYwvK_Pw
50,56.6متر نقشه درحد 65متر غرق نور 9سال تاپ‌محله,"✨بدون مشابه ترین واحد منطقه✨
⚜️عیدانه مجموعه املاک متین به خریداران⚜️ 
 ✨مالک فروشنده واقعی را از ما بخواهید✨

✅قابلیت 250 میلیون رهن به عهده ما✅

         ❗تا  قبل سال جدید❗
         ❗صاحب خانه شوید❗ 

✅56.6متر یک خواب
✅2 واحدی   طبقه سوم
✅ آسانسور انباری سندی  بالکن


✨نقشه فوق‌العاده نورگیر بینظیر✨
⬅️سالن مربع سر تا سر پنجره 
⬅️بازسازی صفر تا صدی
⬅️آماده سکونت

✅تاپ لوکیشن منطقه  سه راه آذری 
                     ⬅️بلوار کاشانی  محله کشمشی
موقعیت ملک بینظیر دسترسی عالی 

☎️مشاور و کارشناس منطقه سهرابی",https://divar.ir/v/wYrblBwA,2180000000.0,,,apartment-sell,real-estate-business,"['https://s100.divarcdn.com/static/pictures/1676730380/wYrblBwA.webp', 'https://s100.divarcdn.com/static/pictures/1676730380/wYrblBwA.1.webp', 'https://s100.divarcdn.com/static/pictures/1676730380/wYrblBwA.2.webp', 'https://s100.divarcdn.com/static/pictures/1676730380/wYrblBwA.3.webp', 'https://s100.divarcdn.com/static/pictures/1676730380/wYrblBwA.4.webp', 'https://s100.divarcdn.com/static/pictures/1676730380/wYrblBwA.5.webp']",تهران,آذری,wYrblBwA
51,۱۲۰ متر دو خواب  تاپ لوکیشن نفت,"تحقق خانه رویایی شما در بهترین لوکیشن

⚜️دو لاین آسانسور ایتالیایی 
⚜️مشاعات مدرن ترمو وود و سنگ 
⚜️سالن اجتماعات و لابی و پارتی روم
⚜️سرمایش و گرمایش گری آمریکایی 
⚜️شیرآلات ترک 
⚜️سنگ کف اسلب
⚜️سرویس بهداشتی و حمام وال هنگ
⚜️خواب مستر 
⚜️خوش نقشه و پر نور 
⚜️کابینت به سلیقه خریدار
️️️️️️
مشاور تخصصی لوکس شهرک نفت : خانم لشکری⭐️",https://divar.ir/v/wYk3PDYH,13800000000.0,,,apartment-sell,real-estate-business,"['https://s100.divarcdn.com/static/pictures/1676730413/wYk3PDYH.webp', 'https://s100.divarcdn.com/static/pictures/1676730413/wYk3PDYH.1.webp', 'https://s100.divarcdn.com/static/pictures/1676730413/wYk3PDYH.2.webp', 'https://s100.divarcdn.com/static/pictures/1676730413/wYk3PDYH.3.webp', 'https://s100.divarcdn.com/static/pictures/1676730413/wYk3PDYH.4.webp', 'https://s100.divarcdn.com/static/pictures/1676730413/wYk3PDYH.5.webp']",تهران,شهرک نفت (منطقه ۵),wYk3PDYH
52,زعفرانیه ۳۰۹متر ۳خواب ۳مستر ۲پارکینگ سندی,"زعفرانیه ۲بر 

۳۰۹متر 

۳خواب ۳مستر 

 سونا و جکوزی در داخل واحد 

۲پارکینگ سندی 

مناسب سرمایه گذاری و سکونت 

سند بدون ریشه 


ماهان فراهانی",https://divar.ir/v/wYw7KB-3,38000000000.0,,,apartment-sell,real-estate-business,[],تهران,زعفرانیه,wYw7KB-3
53,۱۴۴ متر ویو  دریاچه و جنگل,"شهرک صیاد شیرازی دارای ۳ مجموعه است که متراژ های ۱۴۴ متر در فاز ۲ این شهرک واقع شده اند متراژ های ۱۴۴ متر به دلیل ویو دریاچه و جنگل بسیار پرطرفدار هستند ورود و خروج اشخاص در این شهرک به طور دائم کنترل می شوند و این متراژ ها جنوبی بوده و نورگیر بسیار عالی در اختیار خواهید داشت 
✳ ویو دریاچه بدون مشرف 
✳ جنوبی نورگیر 
✳ طبقه بالا 
✳لابی من ۲۴ ساعته 
✳ ۴ لاین اسانسور 
✳ لابی شیک و مجلل 
✳ پارکینگ محوطه و منفی 
برای اطلاع از نمونه های مشابه تماس حاصل فرمایید 
امین شما املاک جعفری",https://divar.ir/v/wYuj0T3v,10080000000.0,,,apartment-sell,real-estate-business,"['https://s100.divarcdn.com/static/pictures/1676730370/wYuj0T3v.webp', 'https://s100.divarcdn.com/static/pictures/1676730370/wYuj0T3v.1.webp', 'https://s100.divarcdn.com/static/pictures/1676730370/wYuj0T3v.2.webp', 'https://s100.divarcdn.com/static/pictures/1676730370/wYuj0T3v.3.webp', 'https://s100.divarcdn.com/static/pictures/1676730370/wYuj0T3v.4.webp', 'https://s100.divarcdn.com/static/pictures/1676730370/wYuj0T3v.5.webp', 'https://s100.divarcdn.com/static/pictures/1676730370/wYuj0T3v.6.webp', 'https://s100.divarcdn.com/static/pictures/1676730370/wYuj0T3v.7.webp']",تهران,دریاچه شهدای خلیج فارس,wYuj0T3v
54,واحد ۱۱۰ متری فول دشتستان,"واحد نوساز ۱۱۰ متری دشتستان ها
فول امکانات
دسترسی فوق‌العاده
ساختمان کم واحد 
نمای زیبا
فوری 

کریمی",https://divar.ir/v/wYZvgevA,12550000000.0,,,apartment-sell,real-estate-business,"['https://s100.divarcdn.com/static/pictures/1676730367/wYZvgevA.webp', 'https://s100.divarcdn.com/static/pictures/1676730367/wYZvgevA.1.webp', 'https://s100.divarcdn.com/static/pictures/1676730367/wYZvgevA.2.webp', 'https://s100.divarcdn.com/static/pictures/1676730367/wYZvgevA.3.webp', 'https://s100.divarcdn.com/static/pictures/1676730367/wYZvgevA.4.webp', 'https://s100.divarcdn.com/static/pictures/1676730367/wYZvgevA.5.webp', 'https://s100.divarcdn.com/static/pictures/1676730367/wYZvgevA.6.webp']",تهران,پاسداران,wYZvgevA
55,( زعفرانیه ) 630 متر . نوساز . دید کل تهران,"[ No Pain , No Gain ]
|| .. کاملترین دید پایتخت .. ||
|| در برند 630 متری با دید رویایی زندگی کنید ||
|| زعفرانیه ـ الهیه _ ولنجک _ محمودیه ||

|| مهندس پارسا ||
... ... ...
|| زعفرانیه || 630 متر . نوساز . دید کل تهران ||
|| تراس بزرگ ||
|| سالن اجتماعات ||
|| سالن جیم کامل ||
|| 2 آشپزخانه فول فرنیش ||
|| از زیباترین روف گاردن ها ||
|| لابی شیک : 760 متر فول مبلمان ||
|| 4 خواب مستر بزرگ با سویت جدا ||
|| مستر روم اصلی : 120 متر با تراس ||
|| 4 پارکینگ سندی + اضافه جهت خرید ||
|| مجموعه استخر نورگیر ،، سونا ،، جکوزی ||
| زمین ، سند ، سازنده : شخصی |",https://divar.ir/v/wY5a3xHY,245700000000.0,,,apartment-sell,real-estate-business,"['https://s100.divarcdn.com/static/pictures/1676730364/wY5a3xHY.webp', 'https://s100.divarcdn.com/static/pictures/1676730364/wY5a3xHY.1.webp', 'https://s100.divarcdn.com/static/pictures/1676730364/wY5a3xHY.2.webp', 'https://s100.divarcdn.com/static/pictures/1676730364/wY5a3xHY.3.webp', 'https://s100.divarcdn.com/static/pictures/1676730364/wY5a3xHY.4.webp']",تهران,زعفرانیه,wY5a3xHY
56,عمارتی اصیل و باشکوه در قلب شمیرانات,"✔فول مشاعت کامل؛
لابی رویال
باغ آسمانی شاه نشین بر فراز شهر
سالن اجتماعات لوکس با ظرفیت ۵۰۰نفر
مشاعت آبی کامل دارای ابراستخر با سقف مرتفع و سونا و جکوزی و سالن ماساژ
سالن بیلیارد
سالن اسکواش
سالن سینما
سالن بازی کودک
سالن سرگرمی و دورهمی خانوادگی
رختشوی خانه
کارواش
سرایداری مقیم
نگهبانی
ماشین لوکس استبدبای بهمراه راننده مقیم جهت سرویس فوری به مالکان محترم
.
.
.

✔غرق در نور جنوب و شمال از پنجره های سرتاسری قدیِ کف تا سقف

✔بهترین لوکیشن شمال شهر

✔اثری از آرشیتکت برند ایران و امارات مهندس فرزاد دلیری

✔پروژه ای از ابرسازنده ی برند و بین المللی در کانادا و امریکا و امارات

✔مجموعه ای مخصوص اقامت طبقه ی فوق ممتاز شمال شهر 

✔کیفیت ساخت فوق العاده همراه با متریال برند روز اروپا و آمریکا

✔سرویسها وال هنگ و شیرهای توکار اروپایی

✔کل پروژه مجهز به سیتم هوشمند هم در واحدها هم در مشاعات

✔پارکینگ بتعداد نامحدود بصورت باکس در کنار هم
... ۶ ۵ ۴ ۳

✔۲لاین پک آسانسور ۱۲نفره برند Koneفنلاند

✔ژنراتور برق اضطراری استندبای

✔سیستم تصفیه آب مجهز پروژه برای کل واحدها",https://divar.ir/v/wYoztYqi,125000000000.0,,,apartment-sell,real-estate-business,"['https://s100.divarcdn.com/static/pictures/1676730362/wYoztYqi.webp', 'https://s100.divarcdn.com/static/pictures/1676730362/wYoztYqi.1.webp', 'https://s100.divarcdn.com/static/pictures/1676730362/wYoztYqi.2.webp', 'https://s100.divarcdn.com/static/pictures/1676730362/wYoztYqi.3.webp']",تهران,زعفرانیه,wYoztYqi
57,۱۲۵ متر ۲ خ تکواحدی جنت آباد مرکزی,"با سلام و درود

♦️۱۲۵ متر ۲ خواب جنت آباد مرکزی بلوار بعثت♦️

نور و نقشه عالی//نورگیر مستقیم//بدون پرتی
فول امکانات پارکینگ انباری آسانسور
لوکیشن عالی////سند تک برگ ملکیت 
قابلیت ۳ خواب شدن هم دارد

✅✅مشاور تخصصی منطقه قاسمی ✅✅",https://divar.ir/v/wYw3K4Z2,11200000000.0,,,apartment-sell,real-estate-business,"['https://s100.divarcdn.com/static/pictures/1676730361/wYw3K4Z2.webp', 'https://s100.divarcdn.com/static/pictures/1676730361/wYw3K4Z2.1.webp', 'https://s100.divarcdn.com/static/pictures/1676730361/wYw3K4Z2.2.webp', 'https://s100.divarcdn.com/static/pictures/1676730361/wYw3K4Z2.3.webp', 'https://s100.divarcdn.com/static/pictures/1676730361/wYw3K4Z2.4.webp']",تهران,جنت‌آباد مرکزی,wYw3K4Z2
58,88متر_دوخواب_فول امکانات_نورگیر_غفاری,"املاک بزرگ برتر

✔️88 متر
✔️دو خواب
✔️طبقه سوم
✔️شش طبقه سه واحدی

✔️بدون دیوار مشترک 
✔️خوش نقشه و بدون پرتی
✔️سالن پرده خور
✔️اتاق خواب مستر و تخت خور

✔️پارکینگ سندی غیر مزاحم 
⭐قیمت پارکینگ جداگانه محاسبه میشود 
✔️آسانسور
✔️انباری
 
✔️واحد تخلیه 
✔️بینظیر در منطقه
✔️مالک فروشنده واقعی 
✔️هماهنگی فقط با تماس

⛔لوکیشن: خیابان غفاری کوچه... 

⚡مشاور شما: پارسایی⚡

املاک بزرگ برتر",https://divar.ir/v/wYurVq4e,4100000000.0,,,apartment-sell,real-estate-business,"['https://s100.divarcdn.com/static/pictures/1676730351/wYurVq4e.webp', 'https://s100.divarcdn.com/static/pictures/1676730351/wYurVq4e.1.webp']",تهران,مخصوص,wYurVq4e
59,آپارتمان آهنگ نوساز ٧٨ متری میثم کوچه میثم,"آپارتمان نوساز ٧٨ متری 
ملک دو بر میباشد ❌❌
نما ساختمان تمام سنگ 
سه طرف نورگیر عالی ❌❌
فول امکانات 
یکی از بهترین لوکیشن های منطقه❌❌❌
قیمت مقطوع 
***********",https://divar.ir/v/wYvH6TYu,4800000000.0,,,apartment-sell,personal,"['https://s100.divarcdn.com/static/pictures/1676730346/wYvH6TYu.webp', 'https://s100.divarcdn.com/static/pictures/1676730346/wYvH6TYu.1.webp', 'https://s100.divarcdn.com/static/pictures/1676730346/wYvH6TYu.2.webp', 'https://s100.divarcdn.com/static/pictures/1676730346/wYvH6TYu.3.webp', 'https://s100.divarcdn.com/static/pictures/1676730346/wYvH6TYu.4.webp', 'https://s100.divarcdn.com/static/pictures/1676730346/wYvH6TYu.5.webp', 'https://s100.divarcdn.com/static/pictures/1676730346/wYvH6TYu.6.webp', 'https://s100.divarcdn.com/static/pictures/1676730346/wYvH6TYu.7.webp', 'https://s100.divarcdn.com/static/pictures/1676730346/wYvH6TYu.8.webp']",تهران,آهنگ,wYvH6TYu
60,۸۷ متر_۲ خواب_معجزه نور_تعاون_شهرزیبا,"✳️  نگینی دیگر از  املاک بزرگ راشا  ❇️

فرصت را از دست ندهید

یک خرید دلچسب

✅️   انتخاب خوش سلیقه ها   ✅️

آپارتمان ۸۷ متر

۲ خواب

فول امکانات

نقشه بدون ضعف و بی عیب

بهترین نقشه بدون پرتی

  سالن پرده خور و غرق در نور  

بهترین فرصت برای سرمایه گذاری و سکونت

متریال درجه ۱ و مشاعات بی نظیر

سرایدار و نگهبانی ۲۴ ساعته

مالک فروشنده ۱۰۰٪ واقعی

بازدید این واحد استثنایی را از دست ندهید

تماس تا ساعت ۱۲ شب بلامانع است

مشاور تخصصی منطقه شما

(خانم رحمانی)",https://divar.ir/v/wYwTKSnd,6280000000.0,,,apartment-sell,real-estate-business,"['https://s100.divarcdn.com/static/pictures/1676730347/wYwTKSnd.webp', 'https://s100.divarcdn.com/static/pictures/1676730347/wYwTKSnd.1.webp', 'https://s100.divarcdn.com/static/pictures/1676730347/wYwTKSnd.2.webp', 'https://s100.divarcdn.com/static/pictures/1676730347/wYwTKSnd.3.webp', 'https://s100.divarcdn.com/static/pictures/1676730347/wYwTKSnd.4.webp']",تهران,شهر زیبا,wYwTKSnd
61,سرمایه گذاری مطمئن سود تضمینی اپارتمان,"❌پارکینگ + انباری + آسانسور + بالکن ❌
  ⭐️روبه جنوب غرق نور بدون مشابه⭐️
 ⛔️مالک فروشنده واقعی سند تک برگ⛔️

✴️۶۳ متر
✴️تک خواب
✴️سالن مربع مناسب هر نوع چیدمان
✴️کم واحد 
✴️لوکیشن دنج و اعیان نشین
⛔️فایل شخصی بدون مشابه در منطقه

⬅️قابلیت دریافت تمامی وامها
⬅️قابلیت رهن کامل تا ۶۰۰ م

⚛️اطلاعات کامل تر جهت بازدید فقط تماس
✨کارشناس فروش پارسا✨",https://divar.ir/v/wYwvquLs,5590000000.0,,,apartment-sell,real-estate-business,"['https://s100.divarcdn.com/static/pictures/1676730346/wYwvquLs.webp', 'https://s100.divarcdn.com/static/pictures/1676730346/wYwvquLs.1.webp', 'https://s100.divarcdn.com/static/pictures/1676730346/wYwvquLs.2.webp', 'https://s100.divarcdn.com/static/pictures/1676730346/wYwvquLs.3.webp', 'https://s100.divarcdn.com/static/pictures/1676730346/wYwvquLs.4.webp', 'https://s100.divarcdn.com/static/pictures/1676730346/wYwvquLs.5.webp']",تهران,سازمان برنامه,wYwvquLs
62,83متر آسانسوردار 6ساله فول دیزاین بریانک,"به نام خدا 


83متر
دوخواب
7طبقه 2واحدی
طبقه دوم

امکانات :
آسانسور / انباری / بالکن

واحد فول دیزاین شده / نور و نقشه بی نظیر
بدون مشابه در منطقه

6 سال ساخت واقعی

لوکیشن :  جی / بر اصلی حاجیان

رستمی",https://divar.ir/v/wYwX4amo,3550000000.0,,,apartment-sell,real-estate-business,"['https://s100.divarcdn.com/static/pictures/1676730344/wYwX4amo.webp', 'https://s100.divarcdn.com/static/pictures/1676730344/wYwX4amo.1.webp', 'https://s100.divarcdn.com/static/pictures/1676730344/wYwX4amo.2.webp', 'https://s100.divarcdn.com/static/pictures/1676730344/wYwX4amo.3.webp', 'https://s100.divarcdn.com/static/pictures/1676730344/wYwX4amo.4.webp', 'https://s100.divarcdn.com/static/pictures/1676730344/wYwX4amo.5.webp']",تهران,جیحون,wYwX4amo
63,آپارتمان ۹۲ متری نزدیک پارک,"واحد ۹۲ متری دو خوابه
نقاشی شده 
ویو پارک رسالت
زیر قیمت منطقه 
نیاز به بازسازی


کریمی",https://divar.ir/v/wYivCD-J,7100000000.0,,,apartment-sell,real-estate-business,"['https://s100.divarcdn.com/static/pictures/1676730340/wYivCD-J.webp', 'https://s100.divarcdn.com/static/pictures/1676730340/wYivCD-J.1.webp', 'https://s100.divarcdn.com/static/pictures/1676730340/wYivCD-J.2.webp', 'https://s100.divarcdn.com/static/pictures/1676730340/wYivCD-J.3.webp', 'https://s100.divarcdn.com/static/pictures/1676730340/wYivCD-J.4.webp', 'https://s100.divarcdn.com/static/pictures/1676730340/wYivCD-J.5.webp']",تهران,سیدخندان,wYivCD-J
64,جنت آباد_۹۴متر_۲خ_فول دیزاین_فول امکانات,"‼️ فوری ‼️ فوری ‼️

 موقعیتی استثنایی 
………………………………………………………………
⚜️ آپارتمان ۹۴ متری
⚜️ ۲ خواب بزرگ + کمد دیواری
⚜️ پلان مهندسی شده
⚜️ متریال به کار رفته عالی

   ..………………….فول امکانات……………………..
✅ آسانسور
✅ پارکینگ
✅ انباری
✅ بالکن
⚜️ مشاعات بینهایت تمیز
⚜️ دسترسی فوق العاده
⚜️ بهترین لوکیشن جنت آباد جنوبی

⚡️ زیر قیمت منطقه ⚡️
 
⭕️ دپارتمان بزرگ هامون ⭕️

مشاور تخصصی و فعال منطقه : عزیزی",https://divar.ir/v/wYwz6IrK,6700000000.0,,,apartment-sell,real-estate-business,"['https://s100.divarcdn.com/static/pictures/1676730343/wYwz6IrK.webp', 'https://s100.divarcdn.com/static/pictures/1676730343/wYwz6IrK.1.webp', 'https://s100.divarcdn.com/static/pictures/1676730343/wYwz6IrK.2.webp', 'https://s100.divarcdn.com/static/pictures/1676730343/wYwz6IrK.3.webp', 'https://s100.divarcdn.com/static/pictures/1676730343/wYwz6IrK.4.webp', 'https://s100.divarcdn.com/static/pictures/1676730343/wYwz6IrK.5.webp']",تهران,جنت‌آباد جنوبی,wYwz6IrK
65,فروش ۱۵۰متر ۳خواب مستر فول امکانات ویو تهران,۲ پارکینگ سندی باکس لابی هتلینگ فوق العاده لاکچری فقط بازدید,https://divar.ir/v/wYZ3hpVa,25000000000.0,,,apartment-sell,real-estate-business,[],تهران,سعادت‌آباد,wYZ3hpVa
66,۱۶۴ متر سه خوابه دو کله نور فول بازسازی,"✔️زیر قیمت منطقه✔️
                    ✔️مورد اکازیون ✔️


۵ طبقه دو واحدی☑️
طبقه پنجم تکواحدی☑️
 دو کله نور☑️
فول بازسازی شده☑️
یک خواب مستر☑️

انباری آسانسور پارکینگ☑️
بالکن☑️
دارای سه سرویس بهداشتی☑️
واحد غرق در نور☑️
آشپزخانه بزرگ☑️

وان جکوزی داخل واحد☑️
پنجره های قدی☑️
سالن پرده خور☑️
۱۷ ساله☑️
مشاعات تمیز☑️
زیر قیمت منطقه جهت سرمایه گذاری☑️


بنده خانم گلزار هستم✔️
کارشناس امور ملکی ✔️
آماده ارائه فایل در منطقه شهرک غرب و سعادت آباد✔️
پاسخگویی تا ساعت ۲۳✔️
***********",https://divar.ir/v/wYwvqqb8,16600000000.0,,,apartment-sell,real-estate-business,"['https://s100.divarcdn.com/static/pictures/1676730340/wYwvqqb8.webp', 'https://s100.divarcdn.com/static/pictures/1676730340/wYwvqqb8.1.webp', 'https://s100.divarcdn.com/static/pictures/1676730340/wYwvqqb8.2.webp', 'https://s100.divarcdn.com/static/pictures/1676730340/wYwvqqb8.3.webp', 'https://s100.divarcdn.com/static/pictures/1676730340/wYwvqqb8.4.webp', 'https://s100.divarcdn.com/static/pictures/1676730340/wYwvqqb8.5.webp', 'https://s100.divarcdn.com/static/pictures/1676730340/wYwvqqb8.6.webp', 'https://s100.divarcdn.com/static/pictures/1676730340/wYwvqqb8.7.webp']",تهران,شهرک غرب,wYwvqqb8
67,( زعفرانیه ) 315 متر . نوساز . فول مدرن,"[ No Pain , No Gain ]
|| .. دید رویایی و ابدی .. ||
|| در 315 متر برندی مدرن زندگی تازه تجربه کنید ||
|| زعفرانیه ـ الهیه _ ولنجک _ محمودیه ||
|| مهندس پارسا ||
... ... ...
|| زعفرانیه || 315 متر . نوساز . دید رویایی و ابدی ||
|| .. اماده زندگی .. ||
|| کارواش  ||
|| تراس دید ابدی ||
|| روف گاردن 800 متر ||
|| 3  خواب مستر بزرگ ||
|| آشپزخانه فول فرنیش ||
|| سالن اجتماعات کم نظیر ||
|| سالن ورزشی کاملترین برندها ||
|| لابی تشریفاتی : 650 متر فول مبلمان ||
|| مجموعه استخر نورگیر ،، سونا ،، جکوزی ||
|| 2 پارکینگ سندی + 2 اضافه جهت خرید ||
| زمین ، سند ، سازنده : شخصی |",https://divar.ir/v/wYP65D39,117180000000.0,,,apartment-sell,real-estate-business,"['https://s100.divarcdn.com/static/pictures/1676730332/wYP65D39.webp', 'https://s100.divarcdn.com/static/pictures/1676730332/wYP65D39.1.webp', 'https://s100.divarcdn.com/static/pictures/1676730332/wYP65D39.2.webp', 'https://s100.divarcdn.com/static/pictures/1676730332/wYP65D39.3.webp', 'https://s100.divarcdn.com/static/pictures/1676730332/wYP65D39.4.webp']",تهران,زعفرانیه,wYP65D39
68,آپارتمان مسکونی  80 متری دو خوابه,"مجتمع مسکونی مهستان
زون 7
طبقه دوم
واحد 3
پارکینگ انباری آسانسور
خیلی خیلی مناسب برای سرمایه گذاری",https://divar.ir/v/wYwzaDkx,1250000000.0,,,apartment-sell,personal,[],تهران,سعیدآباد,wYwzaDkx
69,دروس یارمحمدی_طبقه۲تکواحدی_۱۲۵مترفول۳خواب۱۳ساله,"»»»مخصوص افراد حساس در انتخاب نقشه و نور«««
 
از لحاظ لوکیشن و سن بنا و مشخصات مهندسی واحد و قیمت، استثنایی
نورگیری و نقشه فوق العاده
دارای نور آفتاب از جنوب
اطراف ملک مملوّ از فضای سبز و با انرژی
۱۳ ساله
مِلک ۱۲۵ متری ۳ خواب
بسیار کم واحد
۴ طبقه تکواحدی
طبقه ۲
امکانات کامل پارکینگ آسانسور انباری
سالن پذیرایی و آشپزخانه دارای نور مستقیم از جنوب رو به آفتاب
اتاق خواب ها دارای نور مستقیم از شمال
تراس
سند تک برگ شخصی بدون ریشه

»»» مهندس جعفری «««
سرپرست دپارتمان تخصصی امور مِلکی منطقه",https://divar.ir/v/wYwva-5Z,17500000000.0,,,apartment-sell,real-estate-business,"['https://s100.divarcdn.com/static/pictures/1676730334/wYwva-5Z.webp', 'https://s100.divarcdn.com/static/pictures/1676730334/wYwva-5Z.1.webp', 'https://s100.divarcdn.com/static/pictures/1676730334/wYwva-5Z.2.webp', 'https://s100.divarcdn.com/static/pictures/1676730334/wYwva-5Z.3.webp', 'https://s100.divarcdn.com/static/pictures/1676730334/wYwva-5Z.4.webp']",تهران,دروس,wYwva-5Z
70,واحد ۹۰ متری فول نزدیک پارک,"آپارتمان ۹۰ متری باز سازی شده
پشت پارک کوروش 
تاپ لوکیشن
نورگیر فوق العاده
بسیار خوش نقشه
تخفیف هنگام عقد قرارداد 

کریمی",https://divar.ir/v/wYU__SOj,8600000000.0,,,apartment-sell,real-estate-business,"['https://s100.divarcdn.com/static/pictures/1676730330/wYU__SOj.webp', 'https://s100.divarcdn.com/static/pictures/1676730330/wYU__SOj.1.webp', 'https://s100.divarcdn.com/static/pictures/1676730330/wYU__SOj.2.webp', 'https://s100.divarcdn.com/static/pictures/1676730330/wYU__SOj.3.webp', 'https://s100.divarcdn.com/static/pictures/1676730330/wYU__SOj.4.webp']",تهران,جلفا,wYU__SOj
71,۷۶متر تاپ لوکیشن و رویایی,"تحقق خانه رویایی شما در بهترین لوکیشن

⚜️دو لاین آسانسور ایتالیایی 
⚜️مشاعات مدرن ترمو وود و سنگ 
⚜️سالن اجتماعات و لابی و پارتی روم
⚜️سرمایش و گرمایش گری آمریکایی 
⚜️شیرآلات ترک 
⚜️سنگ کف اسلب
⚜️سرویس بهداشتی و حمام وال هنگ
⚜️خواب مستر 
⚜️خوش نقشه و پر نور 
⚜️بهترین متریال موجود در بازار
️️️️️️
مشاور تخصصی لوکس شهرک نفت : خانم لشکری⭐️",https://divar.ir/v/wYkfOXEn,8284000000.0,,,apartment-sell,real-estate-business,"['https://s100.divarcdn.com/static/pictures/1676730325/wYkfOXEn.webp', 'https://s100.divarcdn.com/static/pictures/1676730325/wYkfOXEn.1.webp', 'https://s100.divarcdn.com/static/pictures/1676730325/wYkfOXEn.2.webp', 'https://s100.divarcdn.com/static/pictures/1676730325/wYkfOXEn.3.webp', 'https://s100.divarcdn.com/static/pictures/1676730325/wYkfOXEn.4.webp', 'https://s100.divarcdn.com/static/pictures/1676730325/wYkfOXEn.5.webp', 'https://s100.divarcdn.com/static/pictures/1676730325/wYkfOXEn.6.webp']",تهران,شهرک نفت (منطقه ۵),wYkfOXEn
72,فروش اپارتمان در قیطریه,"⚜️مناسب سرمایه گذاری
⚜️بازسازی شده
⚜️بر سهیل
⚜️۸۰متر قدر السهم
⚜️۱۱۵متر سندی۱۲۵متر رویتی از ۹۰۰متر زمین با۹واحد اپارتمان در ۲بلوک۳طبقه.
⚜️بر اصلی سهیل با دسترسی بسیار عالی به شریعتی ،ایستگاه مترو و اتوبان صدر
⚜️نور عالی از جنوب و حیاط خلوت
⚜️حیاط خلوت مسقف شده که قابل تبدیل به خواب هم هستش.
⚜️قیمت زمین در محدوده متری۲۵۰ملیون.
⚜️بخشی از مبلغ قابل معاوضه با خودرو.
⚜️خوش‌ نقشه
⚜️دسترسی عالی
⚜️لوکیشن عالی
⚜️بازدید با هماهنگی قبلی
کارشناس منطقه:
 ⚜️پوریا باقری ،املاک برج آوران تهران
⚜️توجه
✅مورد های دیگه موجود هست با قیمت های مختلف✅
⚜️تخصص در تهاتر وخریدوفروش ملک در تهران و حومه
⚜️قویترین فایلینگ منطقه۱",https://divar.ir/v/wYw3avw6,13000000000.0,,,apartment-sell,real-estate-business,"['https://s100.divarcdn.com/static/pictures/1676730327/wYw3avw6.webp', 'https://s100.divarcdn.com/static/pictures/1676730327/wYw3avw6.1.webp', 'https://s100.divarcdn.com/static/pictures/1676730327/wYw3avw6.2.webp', 'https://s100.divarcdn.com/static/pictures/1676730327/wYw3avw6.3.webp', 'https://s100.divarcdn.com/static/pictures/1676730327/wYw3avw6.4.webp']",تهران,قیطریه,wYw3avw6
73,آپارتمان ۶۳متر تک خوابه خوش نقشه نبردشمالی,"فول بازسازی شده
۱۵متر پاسیو
جای پارک داخل پارکینگ هست
لوکیشن عالی
دسترسی آسان به متر مراکز خرید",https://divar.ir/v/wYwXKogg,3500000000.0,,,apartment-sell,real-estate-business,"['https://s100.divarcdn.com/static/pictures/1676730322/wYwXKogg.webp', 'https://s100.divarcdn.com/static/pictures/1676730322/wYwXKogg.1.webp', 'https://s100.divarcdn.com/static/pictures/1676730322/wYwXKogg.2.webp', 'https://s100.divarcdn.com/static/pictures/1676730322/wYwXKogg.3.webp', 'https://s100.divarcdn.com/static/pictures/1676730322/wYwXKogg.4.webp']",تهران,پرستار,wYwXKogg
74,آپارتمان ۱۵۳ متری قبا,"واحد بازسازی شده
نورگیر شمالی
نقشه تفکیکی قابل تغییر
کف پارکت
پارکینگ اجاره ای
فوری فروشی
زیر قیمت منطقه

کریمی",https://divar.ir/v/wYWn0EJK,11200000000.0,,,apartment-sell,real-estate-business,[],تهران,قبا,wYWn0EJK
75,88متر دوخوابه تاپ لوکیشن یوسف زاده,"املاک کاندید 
88متر 
دوخواب 
پنج طبقه دو واحدی 

تاپ لوکیشن
فول بازسازی 
بازسازی خلاقانه

 سالن مربعی و خوش چیدمان
سالن  سراسر پرده خور
سالن نور مستقیم

آشپزخانه کابینت های گلاس
آشپز خانه با بهترین دیزاین

خوابهای بزرگ و کمد دیواری 
خواب نور مستقیم
مشاعات تمیز و بینظیر
گذر کوچه عریض و پهن

مشاور و پیگیر امور ملکی شما بازدار",https://divar.ir/v/wYwvam_S,5700000000.0,,,apartment-sell,real-estate-business,"['https://s100.divarcdn.com/static/pictures/1676730318/wYwvam_S.webp', 'https://s100.divarcdn.com/static/pictures/1676730318/wYwvam_S.1.webp', 'https://s100.divarcdn.com/static/pictures/1676730318/wYwvam_S.2.webp', 'https://s100.divarcdn.com/static/pictures/1676730318/wYwvam_S.3.webp', 'https://s100.divarcdn.com/static/pictures/1676730318/wYwvam_S.4.webp', 'https://s100.divarcdn.com/static/pictures/1676730318/wYwvam_S.5.webp', 'https://s100.divarcdn.com/static/pictures/1676730318/wYwvam_S.6.webp']",تهران,سلسبیل,wYwvam_S
76,آپارتمان 38متر تک خوابه تک واحدی,"۳۸متر     ۱خواب
طبقه ۳   تک واحدی

************************************

پارکینگ موتور
انباری کاذب

کمددیواری بزرگ
اتاق تخت خور

سالن نورگیرمربع وقابل چیدمان
دارای بالکن

آشپزخانه MDF
فرنیش
هودوگازرومیزی


✅برکوچه عالی تعدادپله هاکم ،خونه بسیارخوش نقشه،فقط 3تاتک واحدی بامحیطی آرام وهمسایگان بافرهنگ 

⚜قابلیت رهن حداقل تا ۲۰۰
⚜۴۸۰میلیون وام اوراق ازما
⚜الباقی نقدازشما

 مشاورمنطقه 
طایفه",https://divar.ir/v/wYvjS4Uo,1930000000.0,,,apartment-sell,real-estate-business,"['https://s100.divarcdn.com/static/pictures/1676730310/wYvjS4Uo.webp', 'https://s100.divarcdn.com/static/pictures/1676730310/wYvjS4Uo.1.webp', 'https://s100.divarcdn.com/static/pictures/1676730310/wYvjS4Uo.2.webp', 'https://s100.divarcdn.com/static/pictures/1676730310/wYvjS4Uo.3.webp', 'https://s100.divarcdn.com/static/pictures/1676730310/wYvjS4Uo.4.webp', 'https://s100.divarcdn.com/static/pictures/1676730310/wYvjS4Uo.5.webp', 'https://s100.divarcdn.com/static/pictures/1676730310/wYvjS4Uo.6.webp', 'https://s100.divarcdn.com/static/pictures/1676730310/wYvjS4Uo.7.webp', 'https://s100.divarcdn.com/static/pictures/1676730310/wYvjS4Uo.8.webp', 'https://s100.divarcdn.com/static/pictures/1676730310/wYvjS4Uo.9.webp', 'https://s100.divarcdn.com/static/pictures/1676730310/wYvjS4Uo.10.webp', 'https://s100.divarcdn.com/static/pictures/1676730310/wYvjS4Uo.11.webp', 'https://s100.divarcdn.com/static/pictures/1676730310/wYvjS4Uo.12.webp', 'https://s100.divarcdn.com/static/pictures/1676730310/wYvjS4Uo.13.webp']",تهران,پیروزی,wYvjS4Uo
77,۱۱۲متری فول فرنیش_۲پارکینگ_فلکه اول_معاوضه,"۱۱۲متر بسیار خوش نقشه
فروش نقدی یا معاوضه با واحد کوچکتر
فول امکانات
با ۲ پارکینگ سندی واقع در همکف
فول فرنیش
محدوده فلکه اول تهرانپارس
سازه و متریال عالی
رو به آفتاب
فروشنده واقعی
تخفیف پای قرار

مشاور شما آرش:
***********",https://divar.ir/v/wYX_56ax,12320000000.0,,,apartment-sell,real-estate-business,"['https://s100.divarcdn.com/static/pictures/1676730310/wYX_56ax.webp', 'https://s100.divarcdn.com/static/pictures/1676730310/wYX_56ax.1.webp', 'https://s100.divarcdn.com/static/pictures/1676730310/wYX_56ax.2.webp', 'https://s100.divarcdn.com/static/pictures/1676730310/wYX_56ax.3.webp', 'https://s100.divarcdn.com/static/pictures/1676730310/wYX_56ax.4.webp', 'https://s100.divarcdn.com/static/pictures/1676730310/wYX_56ax.5.webp', 'https://s100.divarcdn.com/static/pictures/1676730310/wYX_56ax.6.webp', 'https://s100.divarcdn.com/static/pictures/1676730310/wYX_56ax.7.webp', 'https://s100.divarcdn.com/static/pictures/1676730310/wYX_56ax.8.webp']",تهران,تهرانپارس غربی,wYX_56ax
78,۱۰۴ متری _ برج نگین,"بنام خالق هستی 

امن ترین سرمایه برای خانه دار شدن 

سرمایه گذاری پر سود و قابل رشد 

در خوش اب و هواترین منطقه ۲۲

با کمترین پیش پرداخت صاحب خانه شوید 

واحد ۱۰۴ متری 
۲خواب 
غرق در نور 
پنجره قدی 
تراس قابل چیدمان 
کف سرامیک 
سرویس ایرانی و فرنگی 
ویو ازاد و بدون مشرف 

لابی من ۲۴ ساعته 
سالن اجتماعات 
سالن ورزش 
روف گاردن و…….

اقساط ۳۶ ماهه 
دارای وام ۴۵۰ میلیون تومانی 
پرداخت وام بعد از تحویل واحد 

دسترسی اسان به شاهراههای اصلی،دسترسی اسان به اتوبانهای،همت،حکیم،خرازی و تهران کرج 

برای کسب اطلاعات بیشتر لطفا تماس بگیرید 

مهندس محمدزاده",https://divar.ir/v/wYWDBA0f,1404000000.0,,,apartment-sell,real-estate-business,"['https://s100.divarcdn.com/static/pictures/1676730309/wYWDBA0f.webp', 'https://s100.divarcdn.com/static/pictures/1676730309/wYWDBA0f.1.webp', 'https://s100.divarcdn.com/static/pictures/1676730309/wYWDBA0f.2.webp', 'https://s100.divarcdn.com/static/pictures/1676730309/wYWDBA0f.3.webp', 'https://s100.divarcdn.com/static/pictures/1676730309/wYWDBA0f.4.webp', 'https://s100.divarcdn.com/static/pictures/1676730309/wYWDBA0f.5.webp', 'https://s100.divarcdn.com/static/pictures/1676730309/wYWDBA0f.6.webp', 'https://s100.divarcdn.com/static/pictures/1676730309/wYWDBA0f.7.webp', 'https://s100.divarcdn.com/static/pictures/1676730309/wYWDBA0f.8.webp', 'https://s100.divarcdn.com/static/pictures/1676730309/wYWDBA0f.9.webp', 'https://s100.divarcdn.com/static/pictures/1676730309/wYWDBA0f.10.webp', 'https://s100.divarcdn.com/static/pictures/1676730309/wYWDBA0f.11.webp']",تهران,شهرک راه‌آهن,wYWDBA0f
79,۴۵متریکخواب طبقه ۱ پارکینگ آسانسور۱۰ساله حدودغیاثی,"********* اعتبار است که میدرخشد********
××××××× املاک علیرضا×××××××
///// فایل تمام شخصی مدیر املاک///////
۴۵متر
طبقه اول
آسانسور
پارکینگ
۱۰ سال ساخت
یکخواب
خوش نقشه
$$$ فروشنده واقعی$$$
####کمیسیون توافقی######
××××قیمت پارکینگ جداگانه ۲۰۰ میلیون تومان محاسبه میگرد××××
آدرس املاک علیرضا:خیابان هفده شهریور انتهای خیابان عجب گل ( جهانپناه) خیابان عابدینی پلاک ۲۵ املاک علیرضا ( وجدانی)
********** مدیریت علیرضا وجدانی**********",https://divar.ir/v/wYw3KBVi,1800000000.0,,,apartment-sell,personal,[],تهران,دولاب,wYw3KBVi
80,فروش واحد91متری تک خواب کیلید نخورده,"(مسکن الماس چیتگر)
واقع در ضلع شمالی برج G2 در شهرک مسکونی چیتگر 

امکانات واحد واقع در منطقه 22 تهران، شهرک مسکونی چیتگر ساخت ارتش
- با موقیعت و لوکیشن بسیار 
- دارای 5 لاین آسانسور (سه نفر بر و دو بار بر)
- سرمایش، گرمایش چیلر مرکزی
- مجهزبه به اطفاء و اعلان حریق
- دوربین مداربسته
- سالن اجتماعات و ورزشی
- هلی پد، آنتن مرکزی، اینترنت مرکزی
- دارای لابی مجلل و شیک
- دارای نگهبانی 24 ساعته
مشاور خانم قربانی",https://divar.ir/v/wYw_In6P,5750000000.0,,,apartment-sell,real-estate-business,"['https://s100.divarcdn.com/static/pictures/1676730312/wYw_In6P.webp', 'https://s100.divarcdn.com/static/pictures/1676730312/wYw_In6P.1.webp', 'https://s100.divarcdn.com/static/pictures/1676730312/wYw_In6P.2.webp', 'https://s100.divarcdn.com/static/pictures/1676730312/wYw_In6P.3.webp', 'https://s100.divarcdn.com/static/pictures/1676730312/wYw_In6P.4.webp', 'https://s100.divarcdn.com/static/pictures/1676730312/wYw_In6P.5.webp']",تهران,چیتگر,wYw_In6P
81,جنت‌آباد ۱۰۵متر نوساز_فول مشاعات_برج سیمرغ,".           برج سیمرغ نیایش
       زیر قیمت منطقه 
نوسازکلیدنخورده
بهترین طبقه
غرق در نور
بدون مشرف
چشم‌ انداز زیبا
نور مستقیم در همه اتاق
پنجره‌های قدی و پرده خور
کابینت هایگلس مات ترک
گازرومیزی هود سینک و شیرآلات برند 
کف سنگ دهبید
لابی شیک مبله و دوبلکس
روف گاردن همراه با آلاچیق باربیکیو فایربیت و
آبنما و فضای سبز و مناسب پیاده روی
باشگاه بدنسازی(GYM)
سونا خشک و سونا بخار
سالن بازی کودکان
دو سالن اجتماعات
تیم لابیمن و خدمات
تیم حفاظت و تأسیسات

مشاور فروش رضافر   ***********",https://divar.ir/v/wYHH-yIi,8925000000.0,,,apartment-sell,real-estate-business,"['https://s100.divarcdn.com/static/pictures/1676730305/wYHH-yIi.webp', 'https://s100.divarcdn.com/static/pictures/1676730305/wYHH-yIi.1.webp', 'https://s100.divarcdn.com/static/pictures/1676730305/wYHH-yIi.2.webp', 'https://s100.divarcdn.com/static/pictures/1676730305/wYHH-yIi.3.webp', 'https://s100.divarcdn.com/static/pictures/1676730305/wYHH-yIi.4.webp', 'https://s100.divarcdn.com/static/pictures/1676730305/wYHH-yIi.5.webp']",تهران,جنت‌آباد مرکزی,wYHH-yIi
82,۸۶متر ۲خواب  فول امکانات  اباذر,"اباذر مقصودی

۸۶متر   ۲خواب  

نور و نقشه  فوق العاده 

طبقه ۴
۵طبقه   ۴واحدی
  
  
۱۶سال ساخت

     فول   امکانات
   پارکینگ سندی  
     آسانسور  
     انباری
     بالکن


لوکیشن فوق العاده 
دسترسی عالی

مالک فروشنده واقعی
زیر قیمت منطقه 

قیمت ۷.۱۵۰٫

آقای احسانی",https://divar.ir/v/wYrH01qi,7150000000.0,,,apartment-sell,real-estate-business,"['https://s100.divarcdn.com/static/pictures/1676730305/wYrH01qi.webp', 'https://s100.divarcdn.com/static/pictures/1676730305/wYrH01qi.1.webp', 'https://s100.divarcdn.com/static/pictures/1676730305/wYrH01qi.2.webp', 'https://s100.divarcdn.com/static/pictures/1676730305/wYrH01qi.3.webp', 'https://s100.divarcdn.com/static/pictures/1676730305/wYrH01qi.4.webp']",تهران,اباذر,wYrH01qi
83,۱۴۳متر۳خواب فول دو پارکینگ سندی اباذر,"❇️با سلام و احترام❇️

اباذر .......  اسکندرزاده  

 ۱۴۳متر   ۳خواب  

۵طبقه  ۲ واحدی
طبقه ۴
نقشه بی نظیر 
غرق در نور 
مشاعات تمیز
فول امکانات 
لوکیشن بی نظیر 
دسترسی آسان 

✅ملک ایده آل خود را از ما بخواهید
✳️از اولین تماس تا اخرین امضا در کنار شما خواهیم بود

         ⚜️برای بازدید و اطلاعات بیشتر تماس حاصل فرمایید⚜️

               ✅دپارتمان تخصصی املاک سام✅

مشاور و همراه شما احسانی",https://divar.ir/v/wYYf9EQh,13500000000.0,,,apartment-sell,real-estate-business,"['https://s100.divarcdn.com/static/pictures/1676730305/wYYf9EQh.webp', 'https://s100.divarcdn.com/static/pictures/1676730305/wYYf9EQh.1.webp', 'https://s100.divarcdn.com/static/pictures/1676730305/wYYf9EQh.2.webp', 'https://s100.divarcdn.com/static/pictures/1676730305/wYYf9EQh.3.webp', 'https://s100.divarcdn.com/static/pictures/1676730305/wYYf9EQh.4.webp', 'https://s100.divarcdn.com/static/pictures/1676730305/wYYf9EQh.5.webp', 'https://s100.divarcdn.com/static/pictures/1676730305/wYYf9EQh.6.webp']",تهران,اباذر,wYYf9EQh
84,۱۷۲ متر۳خواب_سهروردی,"سهروردی در دنج ترین فرعی منطقه

ساختمان شخصی ساز

۱۷۲متر۳خواب

پلان تفکیکی با طراحی مدرن

فوق العاده نورگیر با پنجره های قدی

آشپزخانه بسیار بزرگ و پرکابینت

اتاق های بسیار بزرگ با کمد دیواری های مجزا

کف پوش سرامیک بسیار مرغوب

دارای تراس قابل چیدمان 

مشاعات فوق العاده عالی و طراحی شده

ورودی از لابی مجلل و طراحی

دارای۲پارکینگ بدون مزاحم

       مشاور شما یزدان
          (مسکن۱.۲.۳)",https://divar.ir/v/wYqjBek-,15480000000.0,,,apartment-sell,real-estate-business,"['https://s100.divarcdn.com/static/pictures/1676730304/wYqjBek-.webp', 'https://s100.divarcdn.com/static/pictures/1676730304/wYqjBek-.1.webp', 'https://s100.divarcdn.com/static/pictures/1676730304/wYqjBek-.2.webp', 'https://s100.divarcdn.com/static/pictures/1676730304/wYqjBek-.3.webp', 'https://s100.divarcdn.com/static/pictures/1676730304/wYqjBek-.4.webp', 'https://s100.divarcdn.com/static/pictures/1676730304/wYqjBek-.5.webp', 'https://s100.divarcdn.com/static/pictures/1676730304/wYqjBek-.6.webp', 'https://s100.divarcdn.com/static/pictures/1676730304/wYqjBek-.7.webp', 'https://s100.divarcdn.com/static/pictures/1676730304/wYqjBek-.8.webp', 'https://s100.divarcdn.com/static/pictures/1676730304/wYqjBek-.9.webp']",تهران,سهروردی,wYqjBek-
85,پاسداران 145 متر نوساز,"پاسداران

145 متر 3 خواب
طبقه سوم
5 طبقه 3 واحدی
نوساز
2 پارکینگ سندی
لابی و سرایداری
خوش نقشه
فروشنده واقعی

در بوستان های پاسداران

مشاور شما سلطانی",https://divar.ir/v/wYszNtZz,20500000000.0,,,apartment-sell,real-estate-business,"['https://s100.divarcdn.com/static/pictures/1676730303/wYszNtZz.webp', 'https://s100.divarcdn.com/static/pictures/1676730303/wYszNtZz.1.webp', 'https://s100.divarcdn.com/static/pictures/1676730303/wYszNtZz.2.webp', 'https://s100.divarcdn.com/static/pictures/1676730303/wYszNtZz.3.webp', 'https://s100.divarcdn.com/static/pictures/1676730303/wYszNtZz.4.webp']",تهران,پاسداران,wYszNtZz
86,آپارتمان شیک۳۲متری تک واحدی,"۳۲متر     ۱خواب
طبقه ۳   تک واحدی

************************************

پارکینگ موتور
انباری کاذب

کمددیواری بزرگ
اتاق تخت خور

سالن نورگیرمربع وقابل چیدمان
آشپزخانه MDF
فرنیش
هودوگازرومیزی


✅برکوچه عالی تعدادپله هاکم ،خونه بسیارخوش نقشه،فقط 3تاتک واحدی بامحیطی آرام وهمسایگان بافرهنگ 

⚜قابلیت رهن حداقل تا ۲۰۰
⚜۴۸۰میلیون وام اوراق ازما
⚜الباقی نقدازشما

 مشاورمنطقه 
طایفه",https://divar.ir/v/wYv3CRm8,1870000000.0,,,apartment-sell,real-estate-business,"['https://s100.divarcdn.com/static/pictures/1676730295/wYv3CRm8.webp', 'https://s100.divarcdn.com/static/pictures/1676730295/wYv3CRm8.1.webp', 'https://s100.divarcdn.com/static/pictures/1676730295/wYv3CRm8.2.webp', 'https://s100.divarcdn.com/static/pictures/1676730295/wYv3CRm8.3.webp', 'https://s100.divarcdn.com/static/pictures/1676730295/wYv3CRm8.4.webp']",تهران,پیروزی,wYv3CRm8
87,آپارتمان ۱۲۲متر ۳خوابه دروس صالح حسینی,دارای استخر سونا وجکورزی فعال سرایدار مقیم آپارتمان غرق در نور مهندسی سایز و بسیار خوش نقشه آپارتمان شمالی و نور هر ۳اتاق از شمال گرفته میشود دارای لابی,https://divar.ir/v/wYwraOF5,20000000000.0,,,apartment-sell,personal,[],تهران,دروس,wYwraOF5
88,۵۳متر,"کد۱ ****
*املاک هرمز*
*_____*
*۵۰متر / تکخواب*
*۴طبقه / دو واحدی / طبقه ۱*
*____________*
*امکانات*
^اسانسور^
^انباری^
^بالکن^
^استفاده از پارکینگ با هماهنگی مدیر ساختمان^

●فول بازسازی●اکازیون●شیک●فول بازسازی●

*نقشه مهندسی شده ، سالن غرق نور ، سالن پرده خور*
*سالن مربع قابل هرنوع چیدمان ، اتاق بزرگ تخت خور*
*____________*
*لوکیشن : خیابان نوری کوچه میرسلطانی* 
*______*
*جهت اطلاعات بیشتر تماس بگیرید* 
*_______*
*مشاور شما : عبدالوند* 

*******",https://divar.ir/v/wYbL2G26,2200000000.0,,,apartment-sell,real-estate-business,"['https://s100.divarcdn.com/static/pictures/1676730292/wYbL2G26.webp', 'https://s100.divarcdn.com/static/pictures/1676730292/wYbL2G26.1.webp', 'https://s100.divarcdn.com/static/pictures/1676730292/wYbL2G26.2.webp', 'https://s100.divarcdn.com/static/pictures/1676730292/wYbL2G26.3.webp', 'https://s100.divarcdn.com/static/pictures/1676730292/wYbL2G26.4.webp', 'https://s100.divarcdn.com/static/pictures/1676730292/wYbL2G26.5.webp', 'https://s100.divarcdn.com/static/pictures/1676730292/wYbL2G26.6.webp', 'https://s100.divarcdn.com/static/pictures/1676730292/wYbL2G26.7.webp', 'https://s100.divarcdn.com/static/pictures/1676730292/wYbL2G26.8.webp', 'https://s100.divarcdn.com/static/pictures/1676730292/wYbL2G26.9.webp', 'https://s100.divarcdn.com/static/pictures/1676730292/wYbL2G26.10.webp', 'https://s100.divarcdn.com/static/pictures/1676730292/wYbL2G26.11.webp', 'https://s100.divarcdn.com/static/pictures/1676730292/wYbL2G26.12.webp', 'https://s100.divarcdn.com/static/pictures/1676730292/wYbL2G26.13.webp', 'https://s100.divarcdn.com/static/pictures/1676730292/wYbL2G26.14.webp']",تهران,سلیمانی,wYbL2G26
89,گیشا آپارتمان ۸۵ متری,"آپارتمان ۸۵ متری 

بازسازی شده

سالن پرده خور L شکل و بدون پرتی 

نور شمال

کامل بازسازی شده

دسترسی راحت به مراکز خرید 

سند آماده ی انتقال 

راهنمای شما (خانم شهرزاد)",https://divar.ir/v/wYwrq88S,7000000000.0,,,apartment-sell,real-estate-business,[],تهران,گیشا (کوی نصر),wYwrq88S
90,۶۰ متر دو خواب بلورسازی,"⚫به نام خداوند رنگین کمان⚫

۶۰ متر.        دو خواب
        دو واحدی 
     ✨طبقه اول✨
✅خوش نقشه سالن مربع 
✅سالن مناسب هرنوع چیدمان
✅اتاق خواب ها بزرگ تخت خور/نورگیر
⚜️کمد دیواری بزرگ
⚜️سالن پرده خور

 امکانات 
⚡آسانسور
⚡پارکینگ سندی غیرمزاحم 
⚡انباری کاذب  

⚫۶ سال ساخت

⬛کف سرامیک/کابینتMDF ترک 
     گاز اکو / شیرآلات اخوان  

 ‼️سند تک برگ آماده‼️


لوکیشن:
     بلورسازی / قوی دل 


قیمت پارکینگ جداگانه عرف منطقه",https://divar.ir/v/wYwD3Le4,2450000000.0,,,apartment-sell,real-estate-business,"['https://s100.divarcdn.com/static/pictures/1676730285/wYwD3Le4.webp', 'https://s100.divarcdn.com/static/pictures/1676730285/wYwD3Le4.1.webp', 'https://s100.divarcdn.com/static/pictures/1676730285/wYwD3Le4.2.webp', 'https://s100.divarcdn.com/static/pictures/1676730285/wYwD3Le4.3.webp', 'https://s100.divarcdn.com/static/pictures/1676730285/wYwD3Le4.4.webp', 'https://s100.divarcdn.com/static/pictures/1676730285/wYwD3Le4.5.webp', 'https://s100.divarcdn.com/static/pictures/1676730285/wYwD3Le4.6.webp']",تهران,بلورسازی,wYwD3Le4
91,واحد شیک ۱۲۵ متری,"⚜۱۲۵ غرق در نور رو به جنوب⚜  

⭐خاک طلا میدهد⭐ 

__________________
✅ تاپ لوکیشن منطقه  
✅دارای بالکن  
✅200 میلیون برای سند 
✅تا 500 میلیون رهن  
✅ یک خواب مستر  
✅سالن پرده خور و نورگیر عالی  ✅کف سنگ  
✅کابینت FARAMID  
✅پنجره UPVC  __________________  

☎️جهت استعلام واحد های مشابه یا متراژ دیگر با هر مقدار بودجه با کارشناس فروش منطقه تماس بگیرید.  ☎️

از اولین تماس تا اخذ سند در کنار شما هستیم.",https://divar.ir/v/wYwvKnTn,3800000000.0,,,apartment-sell,real-estate-business,"['https://s100.divarcdn.com/static/pictures/1676730287/wYwvKnTn.webp', 'https://s100.divarcdn.com/static/pictures/1676730287/wYwvKnTn.1.webp', 'https://s100.divarcdn.com/static/pictures/1676730287/wYwvKnTn.2.webp', 'https://s100.divarcdn.com/static/pictures/1676730287/wYwvKnTn.3.webp', 'https://s100.divarcdn.com/static/pictures/1676730287/wYwvKnTn.4.webp']",تهران,وردآورد,wYwvKnTn
92,۹۳ متری تکواحدی_سالن دونبش _فول کلیدنخورده,"بهترین نقشه ملک سالن دونبش نورگیر
واقع در کوچه هشت متری با دسترسی عالی

۹۳ متری ٢خواب مستر
نوساز کلید نخورده

٥طبقه ١واحدى 
طبقه ٤

فول امکانات
پارکینگ سندی غیرمزاحم۲۰۰•
آسانسور •
انباری •
۲ تا بالکن •
        
لوکیشن محله جیحون 
قیمت ۴۷۰۰

فردین فیضی",https://divar.ir/v/wYiTjH4-,4700000000.0,,,apartment-sell,real-estate-business,"['https://s100.divarcdn.com/static/pictures/1676730282/wYiTjH4-.webp', 'https://s100.divarcdn.com/static/pictures/1676730282/wYiTjH4-.1.webp', 'https://s100.divarcdn.com/static/pictures/1676730282/wYiTjH4-.2.webp', 'https://s100.divarcdn.com/static/pictures/1676730282/wYiTjH4-.3.webp', 'https://s100.divarcdn.com/static/pictures/1676730282/wYiTjH4-.4.webp']",تهران,جیحون,wYiTjH4-
93,۱۶۳متر_چهار باغ شرقی_کلید نخورده_تک واحدی,"« مشاورین املاک بزرگ سورن»


   «اصیل نشین ترین لوکیشن منطقه۵»


   «دسترسی بی نظیر به حمل و نقل عمومی»


   «نقشه خارق العاده»


   «مشاعات VIP»


   «سازه ای بی نظیر با بهترین متریال روز دنیا»


   بازدید = خرید


   مشاور قدیمی منطقه: الیاسی",https://divar.ir/v/wYGjKhW5,17000000000.0,,,apartment-sell,real-estate-business,"['https://s100.divarcdn.com/static/pictures/1676730281/wYGjKhW5.webp', 'https://s100.divarcdn.com/static/pictures/1676730281/wYGjKhW5.1.webp', 'https://s100.divarcdn.com/static/pictures/1676730281/wYGjKhW5.2.webp', 'https://s100.divarcdn.com/static/pictures/1676730281/wYGjKhW5.3.webp', 'https://s100.divarcdn.com/static/pictures/1676730281/wYGjKhW5.4.webp', 'https://s100.divarcdn.com/static/pictures/1676730281/wYGjKhW5.5.webp']",تهران,جنت‌آباد جنوبی,wYGjKhW5
94,۹۰متر_شهر زیبا_۵ساله_دیزاین شده,"« مشاورین املاک بزرگ سورن»


   «دسترسی فوق العاده به حمل و نقل عمومی»


   «لوکیشن دنج و آرام»


   «نقشه خارق العاده»


   «صفر تا صد دیزاین شده»


   «فول امکانات»


   «غرق در نور آفتاب»


   «دارای امکانات خاص»


   بازدید = خرید


   مشاور شما : الیاسی


   «",https://divar.ir/v/wYgvr0MV,5950000000.0,,,apartment-sell,real-estate-business,"['https://s100.divarcdn.com/static/pictures/1676730281/wYgvr0MV.webp', 'https://s100.divarcdn.com/static/pictures/1676730281/wYgvr0MV.1.webp', 'https://s100.divarcdn.com/static/pictures/1676730281/wYgvr0MV.2.webp', 'https://s100.divarcdn.com/static/pictures/1676730281/wYgvr0MV.3.webp', 'https://s100.divarcdn.com/static/pictures/1676730281/wYgvr0MV.4.webp', 'https://s100.divarcdn.com/static/pictures/1676730281/wYgvr0MV.5.webp', 'https://s100.divarcdn.com/static/pictures/1676730281/wYgvr0MV.6.webp', 'https://s100.divarcdn.com/static/pictures/1676730281/wYgvr0MV.7.webp']",تهران,شهر زیبا,wYgvr0MV
95,۱۱۵متری ۲خوابه فول بازسازی لوکیشن قوی,"۱۱۵متر ۲خ بسیار خوش نقشه 

فول بازسازی صفر تا ۱۰۰

مشاعات بسیار تمیز 

فروشنده واقعی ومنعطف 

مشاور شما اسدی 

آدرس آژانس  علامه شمالی روبروی بانک ملت مسکن یوسفیان",https://divar.ir/v/wYkzrZe2,13200000000.0,,,apartment-sell,real-estate-business,"['https://s100.divarcdn.com/static/pictures/1676730281/wYkzrZe2.webp', 'https://s100.divarcdn.com/static/pictures/1676730281/wYkzrZe2.1.webp', 'https://s100.divarcdn.com/static/pictures/1676730281/wYkzrZe2.2.webp', 'https://s100.divarcdn.com/static/pictures/1676730281/wYkzrZe2.3.webp', 'https://s100.divarcdn.com/static/pictures/1676730281/wYkzrZe2.4.webp']",تهران,سعادت‌آباد,wYkzrZe2
